Endereço;Preço;Área (m2);Quartos;Banheiros;Garagem
Rua 1124;R$ 1.929.000;157;3;4;2
Avenida T 9;R$ 2.355.217;185-265;1-5;1-5;0-2
Rua 1141;R$ 1.090.000;111;2;4;2
Rua 1124;R$ 2.190.000;157;3;4;2
Rua 1123;R$ 370.000;69;2;2;1
Rua Mário Bittar;R$ 1.099.990;135;4;4;2
Rua 1141;R$ 1.079.850;120;3;4;2
Rua 1141;R$ 1.835.000;225;4;6;3
Rua 1141;R$ 4.190.000;354;4;5;3
Rua 143-A;R$ 990.000;115;3;5;2
Rua 24;R$ 1.830.000;157;3;4;3
Rua 1141;R$ 1.095.000;111;3;2;2
Rua 145;R$ 1.060.000;130;3;5;3
Rua 1141;R$ 2.099.990;254-260;4;4-6;2-4
Rua 1128;R$ 800.000;70;2;2;1
Rua 1141;R$ 1.850.000;174-348;3-4;4-5;2-4
Rua 146;R$ 850.000;73;2;3;1
Rua 1123;R$ 690.000;61;2;2;1
Rua 1124;R$ 1.625.000;125;3;4;2
Rua 1141;R$ 4.090.000;299;3;5;4
Rua 1128;R$ 855.500;80;3;3;1
Rua Amélia Artiaga Jardim;R$ 800.000;71-133;2-3;2-3;1-2
Rua 1123;R$ 1.375.000;127;3;4;3
Rua 145;R$ 1.200.000;130;3;3;3
Rua 28;R$ 736.460;64;2;2;1
Rua 140;R$ 199.966;40;1;1;1
Rua 1123;R$ 550.000;61;2;3;1
Rua 1123;R$ 1.420.000;130;3;4;2
Rua 1138;R$ 2.300.000;194-259;3-4;3-4;3-4
Rua 38;R$ 1.350.000;129;3;4;2
Rua 146;R$ 530.000;47;1;2;1
Rua 1139;R$ 1.099.990;121;3;4;2
Rua 1124;R$ 1.600.000;125;3;2;2
Rua Amélia Artiaga Jardim;R$ 830.000;77;2;2;1
Rua 1128;R$ 842.233;71;2;2;1
Rua 1141;R$ 548.470;48-49;1;2;1
Rua 1128;R$ 1.825.000;149;3;4;3
Rua 1123;R$ 570.000;62;2;3;1
Rua 1128;R$ 852.312;81;2;2;1
Rua 1141;R$ 2.599.000;221;4;6;3
Rua 13;R$ 2.600.000;244;3;3;1
Avenida D;R$ 1.200.626;106;3;3-4;2
Rua 1141;R$ 783.990;77;3;2;1
;R$ 786.062;77;2;2;1
Rua 1128;R$ 400.000;80;3;3;1
Rua 146;R$ 1.298.251;138;3;4;2
Rua 38;R$ 1.180.000;129;3;4;2
Rua 1128;R$ 1.659.990;162-167;3;4-5;2-3
Rua 1123;R$ 380.000;69;2;2;1
Rua 15;R$ 380.000;45;1;1;1
Rua 1138;R$ 815.000;78;2;3;1
Rua 137-A;R$ 850.000;86;3;3;2
Rua 1124;R$ 1.650.000;125;3;3-4;2
;R$ 994.000;111;3;4;2
Rua 1141;R$ 703.280;71;2;3;1
Rua 140;R$ 473.000;43;1;1;1
Rua 1128;R$ 1.050.000;80;3;3;1
Rua 1128;R$ 800.000;80;3;3;1
Rua 1138;R$ 670.000;67;2;2;1
Rua 145;R$ 550.000;68;2;2;1
Rua 146;R$ 550.000;47;1;2;1
Rua 1123;R$ 550.000;49;1;1;0
Rua 1141;R$ 1.180.000;111;3;3;2
Rua 1141;R$ 1.100.000;111;3;4;2
Rua 1125;R$ 1.799.999;175;3;5;2
Rua 143;R$ 1.015.813;114;3;4;2
Rua 1141;R$ 1.200.000;121;3;4-5;2
Rua Mário Bittar;R$ 1.500.000;177;4;5;3
Rua 1128;R$ 975.000;105;3;4;2
Rua 146;R$ 1.490.000;140;3;4;2
Rua 138;R$ 450.000;45;1;1;1
Rua 1122;R$ 3.170.850;231-262;3;5;3
Rua 135;R$ 1.990.000;178-179;3;4-5;3
Rua 24;R$ 1.789.909;160;3;5;3
Rua 15;R$ 450.000;42;1;1;1
Rua 1128;R$ 790.000;80;3;3;1
Rua 138;R$ 420.000;44;1;1;1
Rua 1141;R$ 655.000;68;2;3;1
Rua 24;R$ 1.125.000;125;2;4;2
Rua 135;R$ 2.000.005;200;3;4;3
Rua Mário Bittar;R$ 880.000;99;3;3-4;0-2
Rua 1128;R$ 810.000;80;3;3;1
Avenida T 10;R$ 1.580.000;129;3;4;2
Rua 1124;R$ 1.625.000;125;3;5;2
Rua 1141;R$ 1.180.000;111;3;4;2
Rua 24;R$ 520.000;49;1;1;1
Rua 38;R$ 1.600.000;133;3;4;2
Rua 1138;R$ 1.080.000;121;3;3;2
Rua 147;R$ 1.090.000;115;3;3;2
Rua 147;R$ 1.490.000;114;3;4;2
Rua 1128;R$ 610.893;64-95;2-3;1-2;0-2
;R$ 1.200.000;140;3;5;2
Alameda Coronel Eugênio Jardim;R$ 1.160.000;111;3;4;2
Rua 1121;R$ 686.000;69;2;1;1
Rua 138;R$ 701.700;69;2;2;1
Rua 138;R$ 685.000;69;2;2;1
Rua 148;R$ 799.000;87;2;3;1
Rua 1128;R$ 1.050.000;104;3;4;2
Rua 137-A;R$ 805.000;89;2;3;4
Rua 1141;R$ 2.188.000;227;4;5;3
Rua 145;R$ 1.200.000;130;3;4;2
Rua 146;R$ 1.150.000;140;3;4;2
Rua 1141;R$ 899.000;71;2;3;1
Rua 146;R$ 1.249.999;130;3;5;3
Rua 1128;R$ 709.000;80;3;3;1
Rua 139;R$ 560.545;43;1;1;1
Rua 1128;R$ 1.200.000;104;3;3;0
Rua 1141;R$ 180.000;38;1;1;1
Rua 42;R$ 1.400.000;134;3;4;2
Rua 1138;R$ 449.000;44;1;1;1
Rua 147;R$ 1.367.000;115;3;4;2
Rua 146;R$ 1.419.000;129;3;4;2
Rua 38;R$ 1.399.900;129;3;4;2
Rua 145;R$ 1.150.000;131;3;8;3
Rua 147;R$ 985.000;115;3;4;1
Rua Amélia Artiaga Jardim;R$ 1.050.000;119;3;4;2
Rua 1123;R$ 460.000;49;1;1;1
Rua 1141;R$ 479.000;48-49;1;2;1
Rua 145;R$ 1.200.000;130;3;5;3
Rua 1141;R$ 2.850.000;344;4;6;4
Rua 138;R$ 580.000;68;2;2;2
Rua 1128;R$ 470.000;49;1;1;0
Rua 1141;R$ 1.049.999;120-121;3;4;2
Rua 1141;R$ 1.290.000;121;3;3;2
Rua 1123;R$ 1.420.000;130;3;3-4;2
Rua 146;R$ 719.000;73;2;2;2
Rua 146;R$ 860.000;94-96;3;3-4;2
Rua 145;R$ 440.000;38;1;1;1
Rua 1124;R$ 1.200.000;126;3;5;2
Rua 146;R$ 3.800.000;268;4;5;3
Rua 146;R$ 1.490.000;137;3;4;2
Rua 1122;R$ 399.000;77;3;2;1
Rua 146;R$ 1.160.000;142;3;4;2
Rua 15;R$ 449.000;45;1;1;1
Rua 143;R$ 1.450.000;114;3;4;2
;R$ 785.100;82;3;3;1
Rua 1124;R$ 1.500.000;125;3;4;2
Rua 1128;R$ 1.190.000;119;3;5;2
Avenida T 9;R$ 2.650.000;469;4;7;4
Rua 1124;R$ 1.570.000;125;3;4;2
Rua 1124;R$ 1.650.000;125;3;4;2
Rua 1138;R$ 990.000;72;2;2;1
Rua T 53;R$ 539.000;57;2;2;1
;R$ 858.000;84-86;2;3;1
;R$ 1.100.000;115;3;5;2
Rua 1128;R$ 1.400.000;139;3;4;2
Rua 146;R$ 1.934.631;160-171;3;4-5;2-3
Rua 1141;R$ 820.000;78;2;3;1
Rua 135;R$ 849.000;76;2;2;1
Rua 1123;R$ 1.200.000;127;3;4;2
Rua 146;R$ 1.200.000;140;3;4;2
Rua 24;R$ 499.000;61;1;2;1
Rua 145;R$ 1.200.000;131;3;5;3
Rua 1141;R$ 2.290.000;256;4;6;3
Rua 135;R$ 840.000;76;2;3;2
Rua 15;R$ 450.000;45;1;1;2
;R$ 3.573.000;244-245;4;5-6;3
Rua 24;R$ 1.770.000;160;3;4;3
Rua T 55;R$ 827.476;79;2;3;1
Rua 147;R$ 1.350.000;115;3;4;2
Rua 1123;R$ 590.000;61;2;2;1
Rua 24;R$ 898.822;82;2;2-3;1
Rua 146;R$ 900.000;95;3;4;2
Rua 1132;R$ 1.600.000;130;3;4;2
Rua 1138;R$ 750.000;70;2;3;1
Rua 1128;R$ 1.023.011;90;2;3;2
Rua 147;R$ 959.000;115;3;4;2
Rua 1125;R$ 2.268.000;171-204;3;3-4;2-3
Rua 24;R$ 742.715;63-66;2;1-2;1
Avenida Edmundo Pinheiro de Abreu;R$ 567.900;78;3;2;2
Rua 1138;R$ 850.000;71;2;3;1
;R$ 1.300.000;130;3;4;2
Avenida 136;R$ 545.000;48;1;2;0
Rua 1132;R$ 1.340.000;134;3;5;2
Rua 137-A;R$ 804.906;83;2;2;1
Alameda Ricardo Paranhos;R$ 3.590.000;265;3;2;4
Rua 135;R$ 1.500.000;159;3;5;2
Rua 1141;R$ 1.079.000;120;3;4;2
Rua 146;R$ 649.000;49;1;2;1
Alameda Coronel Joaquim de Bastos;R$ 875.762;62;2;2;1
Rua 146;R$ 813.000;73;2;2;1
Rua 1123;R$ 950.000;87;3;2;2
;R$ 682.000;65;2;3;1
Rua 145;R$ 1.395.000;138;3;5;2
Rua 1124;R$ 1.490.000;125;3;1-2;2
Rua 1124;R$ 1.495.000;125;3;4;2
Rua 24;R$ 710.000;67;2;2;2
Viela 1140;R$ 820.000;72;2;3;1
Rua 137;R$ 860.000;96;3;4;2
Rua 147;R$ 1.368.400;114;3;4;2
Rua 1124;R$ 1.525.000;125;3;4;2
Rua 137-A;R$ 762.000;83-89;2-3;2-3;1-2
Alameda Ricardo Paranhos;R$ 520.000;47;1;1;1
Rua 1128;R$ 771.500;80;3;1;1
Rua 146;R$ 1.445.000;139;3;4;2
Rua T 53;R$ 710.000;60;2;3;2
Rua 1123;R$ 1.354.000;110;3;1;2
Rua 28;R$ 1.310.716;114;3;4;2
Rua 147;R$ 960.000;114-117;3;2-5;1-2
Rua 38;R$ 1.120.000;129-130;3;3-4;2
Rua 1128;R$ 950.000;104;3;1;2
Rua 137-A;R$ 799.000;86;2;3;1
Rua Mário Bittar;R$ 999.900;100;3;4;2
Rua 146;R$ 1.450.000;137;3;7;2
Rua 145;R$ 1.500.000;130;3;4;3
Rua 1141;R$ 799.962;81;2;2;1
Rua 138;R$ 1.200.000;130;3;4;3
Rua 140;R$ 841.251;77;2;3;1
Rua 1128;R$ 1.650.000;167;3;3;3
Rua 146;R$ 1.450.000;140;3;5;2
Rua 1138;R$ 950.000;81;2;3;1
Rua 146;R$ 1.280.000;137;3;4;2
Rua 140;R$ 498.553;40;1;1;1
Rua 1128;R$ 858.000;80;3;4;2
Rua 135;R$ 527.000;49;1;1;0
Rua 1128;R$ 1.000.000;104;3;4;2
Rua 147;R$ 1.000.000;115;3;4;2
Rua 146;R$ 1.400.000;140;3;5;2
Rua 137;R$ 1.240.000;128;3;5;2
;R$ 1.086.028;125;3;4;2
Rua 1128;R$ 1.600.000;135;3;4;2
Rua 135;R$ 873.774;72;2;3;1
Rua 147;R$ 979.000;115;3;5;2
Rua 146;R$ 1.420.000;128;3;4;2
Rua 146;R$ 710.000;72;2;3;1
Rua T 55;R$ 410.000;34;1;1;1
Rua 146;R$ 1.280.000;127-128;3;5;0-2
Rua 135;R$ 1.290.000;122;3;3;2
Rua 1128;R$ 759.999;70;2;3;1
Avenida D;R$ 880.000;79;2;2;1
Rua T 55;R$ 400.000;34;1;1;1
Rua 146;R$ 1.692.000;141;3;4;2
Rua 1124;R$ 1.090.000;111;2;3;2
Rua 1123;R$ 1.420.000;130;3;4;3
Rua 1141;R$ 515.789;48;1;1;1
Rua Mário Bittar;R$ 880.000;99;3;3;2
Rua 140;R$ 885.985;88;3;4;1
Rua 147;R$ 1.350.000;114;3;3;2
Rua T 53;R$ 450.000;45;1;1;1
Rua 1141;R$ 692.000;71-75;2;1-2;0-1
Rua 1128;R$ 380.000;10;3;4;2
Avenida T 8;R$ 1.080.000;100;4;4;2
Alameda Coronel Joaquim de Bastos;R$ 1.100.000;139;3;5;2
Rua 1126;R$ 2.650.000;244;4;6;4
Rua T 53;R$ 7.490.000;420;5;7;6
Rua 1141;R$ 1.500.000;120;3;4;4
Rua 146;R$ 870.000;95;3;4;2
Rua 1123;R$ 1.390.000;127;3;4;2
Rua 1141;R$ 1.100.000;111;3;5;2
Rua 1128;R$ 1.197.000;104;3;4;2
Rua T 55;R$ 360.000;28;1;1;0
Rua 1124;R$ 1.570.000;125;3;5;2
Rua 140;R$ 684.822;62;2;2;1
Rua 145;R$ 1.300.000;136;3;4;2
Rua 25;R$ 1.599.990;150;3;4;3
Rua 138;R$ 1.190.000;130;3;3;3
Rua 140;R$ 813.102;73;2;2;1
Rua 1128;R$ 770.641;70;2;2;1
Rua 1124;R$ 1.790.000;154;3;4;2
;R$ 1.100.000;127;3;4;2
Rua 28;R$ 725.449;64;2;2;1
Rua 24;R$ 820.000;82;3;3;1
Rua 1128;R$ 1.150.000;116;3;4;2
;R$ 885.000;84-86;2;3;1
Rua 1141;R$ 393.000;38;1;1;0
Rua 138;R$ 450.000;47;1;1;1
Rua 30;R$ 3.200.000;247;3;4;3
Rua 137-A;R$ 799.000;86;2;2-3;1
Rua 146;R$ 1.282.000;138;3;3;2
Rua 1121;R$ 1.086.000;97-98;3;2-4;2
Rua 1128;R$ 950.000;104;3;3-4;2
Rua 1128;R$ 1.650.000;162;3;4;0
Rua 146;R$ 550.000;46;1;2;1
Rua 138;R$ 650.000;68;2;2;2
Alameda Ricardo Paranhos;R$ 370.000;70;2;2;7
Rua 138;R$ 1.150.000;130;3;1;3
Rua 135;R$ 1.450.000;121;3;4;2
Rua 1124;R$ 1.600.000;125;3;4;2
Rua 135;R$ 1.450.000;122;3;4;2
;R$ 1.227.000;116;3;4;2
Rua 1128;R$ 1.785.000;150;3;5;2-3
Rua 146;R$ 1.139.009;137-139;3;4-5;2
Rua 1128;R$ 1.350.000;116;3;4;2
Rua 1123;R$ 930.000;90;3;2;2
Rua 138;R$ 701.010;69;2;2;1
Rua Amélia Artiaga Jardim;R$ 761.430;72;2;2;1
Rua 146;R$ 1.240.000;137;3;4;2
Rua 143;R$ 1.050.000;115;3;7;2
Rua 1141;R$ 1.340.000;120;3;4;2
Rua 1125;R$ 1.472.000;145;3;3;2
Rua 139;R$ 1.100.000;99;2;2;2
Rua 147;R$ 1.110.000;115;3;4-5;2
Rua 1121;R$ 550.000;64;2;1;1
;R$ 803.805;84;3;2;2
Rua 38;R$ 1.600.000;130;3;4;2
Rua 24;R$ 1.109.000;119;3;4;2
Rua 135;R$ 1.300.000;127;3;4;2
Rua Amélia Artiaga Jardim;R$ 1.500.000;116;3;4;2
Rua 36;R$ 2.000.000;162;3;4;3
;R$ 1.370.000;114;3;4;2
Rua 1121;R$ 1.258.387;116;3;4;2
Rua 1128;R$ 980.000;104;3;4;2
Rua 1128;R$ 950.000;104;3;3;10
Rua 146;R$ 550.000;99;2;2;1
Rua 1141;R$ 990.000;72;2;3;1
Rua 38;R$ 1.399.999;129;3;3;3
Rua 146;R$ 1.290.000;140;3;4;2
Rua 1124;R$ 1.750.000;125;3;4;2
Rua 1128;R$ 1.435.802;149;3;4;2
Rua 1128;R$ 1.025.000;104;3;4;2
Rua 1124;R$ 1.952.423;157;3;5;2
Rua 1138;R$ 1.290.000;119-121;3;3-4;2
Rua 1123;R$ 420.000;45;1;1;1
Rua 1123;R$ 1.420.000;130;3;5;3
Rua 146;R$ 1.580.000;128;3;4;2
;R$ 880.000;99;3;3;2
Rua 34;R$ 1.820.000;185;3;4;3
Rua 147;R$ 1.050.000;115;3;4;2
Rua 135;R$ 1.499.000;159;3;5;2
Rua 146;R$ 599.000;99;2;3;1
Rua 1128;R$ 900.000;81;3;3;1
Rua 1128;R$ 1.600.000;162;3;3;3
Rua 34-A;R$ 2.080.000;162;3;5;3
Rua 1123;R$ 420.000;48;1;1;1
Rua 138;R$ 450.000;46;1;1;1
Rua 1124;R$ 1.500.000;140;3;4;2
Rua 1128;R$ 750.000;70;2;2;1
Rua 147;R$ 1.400.000;115;3;5;2
Rua 1123;R$ 530.000;45;1;1;1
Rua 1123;R$ 1.157.000;110-111;3;3-4;1-2
Rua T 51;R$ 530.000;65;2;2;1
Rua 1141;R$ 662.000;72;2;3;1
Rua 1123;R$ 478.000;45;1;1;1
Rua 1123;R$ 555.555;62;2;3;2
Rua 1123;R$ 550.000;61;2;2;1
Rua 1128;R$ 860.000;80;3;4;2
;R$ 1.100.000;119;3;5;2
Rua 1138;R$ 809.730;68;2;3;1
Rua 1123;R$ 620.000;62;2;2;1
Rua 1123;R$ 689.990;69;2;2;1
Rua 138;R$ 480.000;47;1;1;1
Alameda Ricardo Paranhos;R$ 635.000;80;3;2;2
Rua 1141;R$ 508.730;40;1;1;1
Rua 1139;R$ 1.199.909;125;3;4;2
Viela 1140;R$ 1.290.000;121;3;4;2
Rua 138;R$ 605.000;47;1;1;1
Rua Amélia Artiaga Jardim;R$ 785.000;73;2;3;0
Rua 38;R$ 1.600.000;140;3;4;2
Rua 1128;R$ 790.000;80;3;3;2
Rua Mário Bittar;R$ 880.000;99;3;4;2
Rua 1123;R$ 945.000;89;3;2;1
Alameda Ricardo Paranhos;R$ 3.280.000;251;4;6;3
Rua Amélia Artiaga Jardim;R$ 495.000;48;1;1;0
Avenida Americano do Brasil;R$ 2.150.000;205;3;4;3
Rua 146;R$ 1.221.300;137;3;4;2
Rua 1121;R$ 1.715.000;152;3;5;0-3
Rua 146;R$ 1.350.000;138;3;4;2
Rua 1141;R$ 1.287.000;121;3;4;2
Rua 1138;R$ 820.000;71;2;3;1
Rua 1123;R$ 490.000;70;1;1;1
Rua Mário Bittar;R$ 2.150.000;210;4;5;4
;R$ 1.450.000;137;3;1;2
Rua 1141;R$ 1.080.000;121;3;4;2
Rua 1122;R$ 440.000;77;3;2;1
Rua 147;R$ 1.200.000;114;3;4;2
Rua 1123;R$ 350.000;41;1;1;1
Rua 1128;R$ 1.500.000;139;3;4;2
Rua 145;R$ 1.099.990;139;3;4;2
;R$ 860.000;89;2;3;1
Rua 147;R$ 1.368.400;115;3;4;2
Rua 146;R$ 1.300.000;130;3;4;2
Rua 146;R$ 1.490.000;140;3;3;2
Rua T 55;R$ 450.000;34;1;1;1
Rua 1123;R$ 1.420.000;130;3;5;2
Rua 137;R$ 664.000;69;2;2;1
Rua 147;R$ 980.000;115;3;4;2
Rua 146;R$ 1.220.493;140;3;4;2
Rua 1124;R$ 1.837.000;125;3;4;2
Rua 145;R$ 1.395.000;138;3;4;2
;R$ 2.350.000;256;4;6;3
Rua 1123;R$ 485.000;45;1;1;1
Avenida T 10;R$ 1.600.000;129;3;4;2
Rua 1128;R$ 1.199.999;116;3;5;2
Rua 1138;R$ 1.500.000;121;3;4;2
Rua 146;R$ 1.150.000;138;3;4;2
Rua 147;R$ 1.030.000;115;3;4;2
Rua 137-A;R$ 774.300;87;2;3;1
Alameda Coronel Eugênio Jardim;R$ 5.495.332;323;4;4;4
Rua 1123;R$ 780.000;72;2;3;1
Rua 1128;R$ 1.650.000;166;3;4;3
Rua 1123;R$ 984.000;87;3;3;2
Rua 1128;R$ 1.000.000;116;3;4;2
;R$ 1.080.000;130;3;4;3
Rua 1121;R$ 616.000;76;3;2;1
Rua 145;R$ 1.060.000;133;3;4;3
Rua 1124;R$ 2.190.000;157;3;4;3
Rua 1121;R$ 845.000;79;2;3;2
;R$ 1.985.866;162-166;3;4;2
Rua 147;R$ 970.000;115;3;4;2
Alameda Ricardo Paranhos;R$ 650.000;80;3;2;2
Rua 146;R$ 1.490.000;138;3;4;2
Rua 138;R$ 2.120.000;218;4;6;3
Rua 1128;R$ 818.000;72;2;2;1
Rua 38;R$ 2.650.000;226;4;4-5;3
Rua 137;R$ 1.230.000;126;3;5;2
Rua 139;R$ 535.000;47;1;2;1
Rua 1124;R$ 1.495.000;126;3;4;2
Rua 145;R$ 1.095.000;133;3;5;3
Rua 1141;R$ 1.180.000;120;3;3;2
Rua 1128;R$ 990.000;104;3;4;2
Rua 38;R$ 1.390.000;135;3;4;2
Rua 1141;R$ 770.000;69;2;2;1
Rua 34-A;R$ 1.850.000;166;3;4;3
Rua 140;R$ 576.000;53;1;1;0
Rua 1138;R$ 1.290.000;122;3;4;2
Rua 25;R$ 1.680.000;158;3;5;3
Rua 24;R$ 480.000;49;1;1;1
Rua 146;R$ 1.390.000;128;3;4;2
Rua 24;R$ 713.000;66;2;2;1
Rua 137-A;R$ 857.000;87;2;3;1
Rua 15;R$ 450.000;65;2;2;1
Rua 1128;R$ 1.197.309;104;3;3;2
Rua Amélia Artiaga Jardim;R$ 785.000;73;2;3;1
Rua 1141;R$ 413.830;38;1;1;1
Rua 147;R$ 1.450.000;114;3;4;2
Rua 36;R$ 2.763.285;243;4;5;4
Rua 135;R$ 1.299.000;122;3;4;2
Rua 1123;R$ 1.550.000;127;3;3;2
;R$ 840.000;80;3;3;1
Rua 138;R$ 1.500.000;135;3;4-5;3
Avenida D;R$ 950.000;79;2;3;1
Rua 147;R$ 1.450.000;115;3;4;2
Rua 135;R$ 860.000;77;2;2;1
Rua 24;R$ 1.790.000;157-160;3;4-5;3
Rua 1138;R$ 1.550.000;120;3;4;2
Rua 147;R$ 1.350.000;119;3;4;2
Rua 1128;R$ 830.000;72;2;2;1
Rua 1124;R$ 1.800.000;157;3;7;2
Rua 1141;R$ 707.439;71;2;2;1
Rua 36;R$ 1.800.000;162;3;4;3
Rua 146;R$ 877.500;76;3;3;0
Rua 138;R$ 430.000;46;1;1;1
Rua 1141;R$ 670.000;67;2;2;1
Rua 1122;R$ 2.822.103;229;3;5;3
Rua 1141;R$ 4.410.000;374;4;1;3
Rua 145;R$ 1.730.000;151;3;4;2
Rua 146;R$ 1.400.000;137;3;4;2
Rua 147;R$ 1.150.000;115;3;4;2
Rua 147;R$ 1.118.790;115;3;4;2
Rua 1124;R$ 1.650.000;125;3;2;2
Rua 1123;R$ 650.000;69;2;2;1
Rua 1138;R$ 2.267.827;194-195;3;2-5;3
Rua 24;R$ 1.050.000;125;3;5;2
Rua Amélia Artiaga Jardim;R$ 1.250.000;116;3;4;2
Rua 147;R$ 1.550.000;115;3;5;2
Rua 1123;R$ 789.620;69;2;2;1
Rua 1128;R$ 1.100.000;118;3;5;2
Rua 135;R$ 815.000;80;2;3;1
Rua 1141;R$ 1.080.000;120;3;4;2
Rua 1121;R$ 779.000;65;2;3;0
Rua 1138;R$ 750.867;77;3;2;1
Rua 147;R$ 1.370.000;115;3;4;2
Rua 1141;R$ 1.080.000;122;3;4;2
Rua 1141;R$ 820.000;80;2;3;1
Rua 1141;R$ 2.500.000;177;3;4;3
Rua 137-A;R$ 820.000;86;3;2;0-1
Rua 146;R$ 1.552.000;138;3;5;2
Rua 146;R$ 1.206.000;140;3;4;2
;R$ 2.170.523;218;4;6;3
Rua 147;R$ 1.370.000;115;3;7;2
Rua 1124;R$ 1.931.000;158;3;4;2
Rua T 55;R$ 1.501.000;116-117;3;4;2
Rua T 53;R$ 679.000;67;2;2;1
;R$ 1.390.000;127;3;4;2
Rua 148;R$ 2.350.000;242-264;4;5-6;3
Rua 140;R$ 569.460;53;1;1;1
Rua 145;R$ 1.150.000;134;3;5;3
Rua 1124;R$ 1.490.000;126;3;4;2
Rua 1128;R$ 995.814;104;3;4;2
Rua 1128;R$ 1.750.000;166;3;5;3
Rua 135;R$ 1.990.000;179;3;4;3
Rua 143;R$ 949.750;114-115;3;2-4;2
Rua 1124;R$ 1.962.000;157;3;5;3
Rua 34;R$ 1.890.000;189;3;4;3
Rua 147;R$ 1.370.000;115;3;3;2
Rua 146;R$ 1.320.000;137;3;4;2
Rua 143;R$ 930.000;115;3;4;2
Rua 148;R$ 2.100.000;207;4;6;3
Rua 13;R$ 2.700.000;226;4;5;3
;R$ 2.400.000;225;4;5;3
Rua 1123;R$ 555.000;62;2;3;1
Rua Mário Bittar;R$ 899.000;100;3;2;2
Avenida 136;R$ 599.000;42;1;2;0
Rua 145;R$ 1.450.000;130;3;4;3
Rua 34-A;R$ 1.999.999;162;3;5;3
Rua 145;R$ 1.395.000;131;3;4;3
Rua 1123;R$ 550.000;62;2;3;1
Rua 24;R$ 729.399;66;2;2;1
Rua 1128;R$ 842.000;80;3;3;1
Rua 145;R$ 480.000;49;1;1;1
Rua 146;R$ 1.580.000;129;3;4;2
Rua 135;R$ 1.800.000;155;3;3;2
Rua 145;R$ 1.100.000;133;3;4;3
Rua 15;R$ 420.000;65;2;1;1
Rua 1124;R$ 1.650.000;125;3;1;2
Rua 146;R$ 1.350.000;139;3;5;2
Avenida Mutirão;R$ 1.400.000;135;3;1;3
Alameda Ricardo Paranhos;R$ 480.000;57;2;1;1
;R$ 840.796;84;3;4;2
Rua 1138;R$ 3.990.000;298;3;4;4
Rua 135;R$ 874.701;80;2;3;1
Rua 1124;R$ 1.624.990;125;3;4;2
Rua 135;R$ 846.000;77;2;2;1
Alameda Ricardo Paranhos;R$ 3.199.000;251;4;6;3
Rua 13;R$ 2.784.600;242;4;6;3
Rua 30;R$ 2.749.000;248;4;6;3
Rua 146;R$ 1.100.000;133;3;4;2
Avenida 136;R$ 587.839;49;1;2;1
Alameda Ricardo Paranhos;R$ 848.000;72;2;2;1
Rua 1141;R$ 2.190.000;177;3;4-5;3
Rua 145;R$ 1.080.000;130;3;4;3
Rua 28;R$ 911.748;77;2;3;1
;R$ 1.370.000;115;3;4;2
Rua 32;R$ 2.683.619;220;3;4;3
Alameda Coronel Eugênio Jardim;R$ 3.300.000;244;4;5;3
Rua 135;R$ 854.420;84;2;2;1
Rua Mário Bittar;R$ 1.080.000;99;3;4;2
Rua 38;R$ 1.300.000;129;3;4;2
Rua T 30;R$ 1.100.000;121;3;1;2
Rua 1128;R$ 1.100.000;116-120;3;3-4;2
Rua 137;R$ 750.000;73;2;3;1
Rua 1124;R$ 1.495.000;125;3;3;2
Rua 145;R$ 1.050.000;138;3;3;2
Rua 1124;R$ 1.490.000;125;3;4-5;2
Rua 146;R$ 1.260.000;137;3;4;2
Rua 1121;R$ 837.996;74;2;3;1
Rua 1141;R$ 680.000;71;2;3;1
Rua 135;R$ 1.350.000;121-123;3;3-4;2
Rua 143;R$ 930.000;115;3;7;2
Rua 42;R$ 1.150.000;135;3;4;2
;R$ 779.000;69;2;3;1
Rua 1125;R$ 3.380.000;266;4;6;3
Rua 137-A;R$ 799.990;86;2;3;2
Rua 146;R$ 1.240.000;140;3;4;2
Rua 146;R$ 1.500.000;140;3;4;2
Rua 148;R$ 2.700.000;218;3;5;3
Rua 1121;R$ 1.490.000;147;3;4;3
Rua 139;R$ 589.000;47;1;1;1
Alameda Ricardo Paranhos;R$ 988.000;121;3;4;2
;R$ 868.527;88;3;2;1
Rua 1141;R$ 1.199.000;111;3;4;1-2
Rua 146;R$ 1.400.000;140;3;4;0
Rua Mário Bittar;R$ 756.000;51;1;1;1
Alameda Coronel Eugênio Jardim;R$ 3.720.000;245;3;6;3
Rua 147;R$ 1.490.000;115;3;4;2
Rua 137;R$ 780.000;69;2;2;1
Rua Amélia Artiaga Jardim;R$ 750.000;72;2;2;0
Rua 38;R$ 1.160.000;129;3;4;2
Rua 145;R$ 990.000;133;3;5;3
Rua 22;R$ 332.000;38;1;1;1
Rua 148;R$ 2.999.990;218;3-4;5-6;3
Rua 1126;R$ 2.650.000;245;4;5;4
Avenida D;R$ 1.500.000;121;3;4;2
Rua 135;R$ 817.722;77;2;2;1
Rua Amélia Artiaga Jardim;R$ 1.230.000;116;3;4;2
Rua 1138;R$ 1.550.000;120;3;3;2
Rua 145;R$ 1.490.000;130;3;4;0
;R$ 1.100.000;116-117;3;4;2
Rua 28;R$ 718.256;64;2;2;1
Rua Mário Bittar;R$ 2.500.000;217;4;1-5;4
Rua 13;R$ 1.580.000;128;3;3;2
Rua 1141;R$ 1.220.000;111;3;4;2
Rua T 55;R$ 779.170;65;2;2;1
Rua 1141;R$ 1.235.000;111;3;4;2
Rua 145;R$ 1.099.900;138;3;4-5;2
Rua 1126;R$ 3.590.000;242;4;6;3
Alameda Ricardo Paranhos;R$ 370.000;69;2;2;1
Rua 1128;R$ 1.300.000;117;3;4;2
Rua 15;R$ 688.655;52;1;1;1
Rua 135;R$ 545.000;49;1;2;1
Rua 143;R$ 1.200.000;114;3;2;2
Rua 145;R$ 1.490.000;140;3;4;2
Rua 135;R$ 1.580.000;142;3;5;3
Rua 1141;R$ 4.474.202;349-355;4;5;4
;R$ 695.000;69;2;3;1
Rua 1128;R$ 450.000;80;3;4;2
Alameda Coronel Eugênio Jardim;R$ 3.299.990;244;4;6;3-4
Rua 1128;R$ 2.250.000;149;3;4-5;3
Rua Amélia Artiaga Jardim;R$ 699.999;72;2;3;2
Rua Mário Bittar;R$ 860.000;100;3;5;2
Rua 148;R$ 5.000.000;264;4;6;3
Rua 146;R$ 1.190.000;137;3;4;2
Rua 1141;R$ 820.000;80;2;2;1
Rua 146;R$ 1.560.000;137;3;4-5;2
Rua 1124;R$ 1.650.000;126;3;5;2
Rua 1141;R$ 2.730.000;221;4;5;3
Rua 1124;R$ 1.599.990;125;3;4;2
Rua 145;R$ 1.200.000;131;3;4;3
Rua 1121;R$ 1.084.000;121;3;4;2
Rua 1138;R$ 1.080.000;121;3;4;2
Rua 1122;R$ 650.000;72;2;3;1
;R$ 1.237.300;137;3;4;2
Rua 30;R$ 1.800.000;152;3;5;2
Rua 38;R$ 1.690.000;130;3;4;2
Rua 145;R$ 1.600.000;150;3;4;3
Rua 145;R$ 1.790.000;150;3;4;2
Rua 1128;R$ 380.220;81;1;1;1
;R$ 1.395.000;138;3;4;2
Rua 24;R$ 1.770.000;157;3;4;3
Rua R 16;R$ 450.000;84;3;2;2
Rua 1141;R$ 2.190.000;221;4;5;4
Rua 146;R$ 1.630.000;158;3;4;2
Rua 1124;R$ 1.920.000;154-158;3;1-4;2
Rua Amélia Artiaga Jardim;R$ 1.060.000;116;3;4;2
Rua 1141;R$ 1.180.000;120;3;4;2
Alameda Coronel Eugênio Jardim;R$ 2.300.000;228;4;6;4
Rua 15;R$ 2.350.000;184;3;4;1-3
Rua 1141;R$ 1.080.000;120;3;3;2
;R$ 1.863.857;158;3;5;2
;R$ 1.254.000;110;3;4;2
Rua 1123;R$ 485.850;45;1;1;1
Rua 146;R$ 1.749.647;160;3;4;2
Rua 1128;R$ 1.599.000;149;3;4;3
Rua 24;R$ 1.205.000;120;3;4;2
Rua 15;R$ 550.000;61;2;2;1
Rua 36;R$ 2.300.000;225;3;4;4
Rua 146;R$ 535.000;47;1;2;1
Rua 135;R$ 540.000;50;1;1;1
Rua Amélia Artiaga Jardim;R$ 795.000;72;2;3;1
Rua 135;R$ 1.999.990;150;3;4;2
Alameda Ricardo Paranhos;R$ 1.350.000;121;3;5;2
Rua 135;R$ 1.399.990;147;3;5;3
Rua 143;R$ 990.000;115;3;4;2
Rua 1124;R$ 1.600.000;125;3;3;2
Rua 1128;R$ 849.480;70;2;2;1
Rua Mário Bittar;R$ 890.000;99;3;4;2
Rua 1141;R$ 1.100.000;111;3;3;2
Rua 135;R$ 1.590.000;159;4;5;2
Rua 34-A;R$ 1.999.000;162;3;5;3
Rua 146;R$ 1.350.000;130;3;4;2
Rua 1128;R$ 1.100.000;118;3;4;2
Rua 145;R$ 1.899.000;150;3;1;2
Rua 1141;R$ 1.880.000;227;4;5;3
Rua Amélia Artiaga Jardim;R$ 2.980.000;265;4;5;4
Rua Mário Bittar;R$ 1.190.000;100;3;5;2
Rua 135;R$ 2.000.000;180;3;4;3
Rua 1128;R$ 845.000;71;2;2;1
Rua 146;R$ 597.500;96;2;1;1
Rua 139;R$ 588.000;49;1;2;0
Avenida D;R$ 1.517.825;124;3;4;2
Rua 1141;R$ 809.670;68;2;2;1
Rua 1141;R$ 640.000;70;2;3;1
Rua 146;R$ 1.400.000;140;3;1;2
Rua 15;R$ 1.266.870;126;3;3;2
Rua 1128;R$ 550.960;48;1;1;1
Rua 135;R$ 1.450.000;137;3;2;2
Rua 145;R$ 395.000;49;1;1;1
Rua 1141;R$ 3.200.000;256;4;6;3
Rua 146;R$ 3.490.000;270;4;6;3
Rua 1141;R$ 609.570;48;1;1;1
Rua 135;R$ 958.000;77;2;2;1
Rua Mário Bittar;R$ 2.160.000;218;3;4-5;3
Rua 135;R$ 1.350.000;121;3;4;2
Rua 1141;R$ 2.200.000;364;3;5;3
Rua 1141;R$ 1.095.000;111;3;4;2
Rua 135;R$ 2.120.000;179;3;4;0
;R$ 1.490.000;127;4;3;2
Rua 1141;R$ 674.364;71;3;2;1
Rua Amélia Artiaga Jardim;R$ 589.900;63;2;2;1
Rua Amélia Artiaga Jardim;R$ 1.080.000;120;3;4;2
Rua Amélia Artiaga Jardim;R$ 800.000;72;2;3;1
Rua 135;R$ 1.025.000;108;2;3;2
Rua 148;R$ 4.414.578;264;4;6;3
Rua 145;R$ 1.300.000;130;3;3;3
Rua 145;R$ 1.690.000;150;3;4;3
;R$ 1.050.000;104;3;4;2
;R$ 1.351.000;118;3;4;2
Rua 146;R$ 1.480.000;137;3;7;2
Rua 146;R$ 1.480.000;128;3;4;2
Alameda Coronel Joaquim de Bastos;R$ 1.013.000;75;2;3;0-2
Rua 138;R$ 823.030;76;2;2;1
Rua 1138;R$ 715.944;71;2;2;1
Rua Mário Bittar;R$ 880.000;100;3;5;2
Rua 1128;R$ 848.950;70;2;2;1
;R$ 2.190.000;218;4;5;3
Rua 1121;R$ 2.550.000;215;4;6;3
Rua Amélia Artiaga Jardim;R$ 840.000;73;2;3;1
Rua 1123;R$ 1.375.000;127;3;5;3
Alameda Coronel Joaquim de Bastos;R$ 779.066;55;1;1;1
Rua 135;R$ 1.490.000;160;3;4;3
Rua 135;R$ 600.000;52;1;1;1
Rua 143-A;R$ 1.232.000;106;3;3;2
Rua 1123;R$ 1.100.000;127;3;3;2
Rua T 53;R$ 690.000;70;2;2;2
Rua Amélia Artiaga Jardim;R$ 756.000;72;2;2;1
Rua 1128;R$ 409.147;80;3;2;1
Rua 24;R$ 820.000;83;3;3;1
Rua 1138;R$ 1.080.000;120;3;4;3
Rua 137-A;R$ 920.000;86;3;2;2
Rua 146;R$ 890.000;73;2;3;1
Rua 147;R$ 1.390.000;117;3;4;2
Rua 1126;R$ 3.854.850;244;4;6;3
Rua 145;R$ 1.150.000;130;3;5;3
Rua 1141;R$ 2.550.000;214;4;5;3
Rua 12;R$ 1.490.000;127;3;4;2
Rua 1128;R$ 550.000;49;1;1;1
Rua 135;R$ 595.000;50;1;1;1
Rua 146;R$ 1.649.990;159-175;4;4-6;2-3
Alameda Coronel Joaquim de Bastos;R$ 914.213;69;2;3;1
Rua Amélia Artiaga Jardim;R$ 925.000;116;3;4;0
;R$ 719.000;64;2;2;1
Rua 135;R$ 1.550.000;160;4;4;2
Rua 38;R$ 2.650.000;226;4;5;3
Rua 137-A;R$ 903.802;89;2;3;1
Rua 1138;R$ 1.350.000;122;3;4;2
Rua 147;R$ 945.000;115;3;4;2
Viela 1140;R$ 1.130.000;121;3;4;3
Rua 15;R$ 450.000;65;2;2;0
Rua 1128;R$ 1.025.000;105;3;4;2
Rua 24;R$ 890.038;83;3;2;1
Rua 138;R$ 682.000;69;2;2;2
Rua 1123;R$ 1.375.610;127;3;4;2
Rua 1141;R$ 499.000;38;1;1;1
Rua 1123;R$ 550.000;62;2;2;1
Rua 135;R$ 1.350.000;121;2;3;2
Rua 1138;R$ 1.880.000;194;3;4;3
Rua 1121;R$ 1.850.000;153;3;5;3
Rua Amélia Artiaga Jardim;R$ 900.000;84;3;4;2
Rua 1124;R$ 1.850.000;157;3;6;2
;R$ 2.700.000;225;4;5;3
Rua 146;R$ 1.200.000;97;3;5;2
Rua 146;R$ 1.650.000;129;3;4;2
Rua 135;R$ 1.399.909;122;3;4;2
;R$ 2.850.000;259;4;6;4
Rua 1138;R$ 860.000;78;2;3;1
Rua 145;R$ 1.050.000;130;3;5;3
Rua 24;R$ 761.702;52;3;2;1
Rua 1128;R$ 840.000;81;3;3;1
Rua 138;R$ 1.799.999;217-220;3-4;1-6;3-21
Rua Mário Bittar;R$ 879.000;99;3;4;2
Rua 148;R$ 980.000;115;3;5;2
Rua 145;R$ 1.250.000;139;3;5;2
Rua Amélia Artiaga Jardim;R$ 1.768.000;131-136;3;4;2
Rua 1141;R$ 690.000;71;2;3;1
Rua 148;R$ 1.950.000;242;4;1-6;3
Rua T 55;R$ 420.000;34;1;1;1
;R$ 480.000;50;1;1;1
Rua 1124;R$ 1.953.000;158;3;4;2
Rua 30;R$ 1.750.000;152;3;4;2
Rua 1128;R$ 960.000;104;3;4;2
Rua 1124;R$ 1.550.000;125;3;1-4;1-2
Rua 135;R$ 817.722;76;3;3;1
Rua 36;R$ 1.890.000;162;3;3;3
Rua 1124;R$ 1.620.000;157;3;1;2
Rua 42;R$ 1.230.000;134;3;5;2
Rua 1141;R$ 830.000;70;2;3;1
Rua 146;R$ 1.880.000;167;3;4;3
;R$ 2.100.000;229;4;5;3
Rua 138;R$ 698.000;69;2;2;1
Rua 1121;R$ 1.752.632;152-218;3-4;2-6;3-4
Alameda Ricardo Paranhos;R$ 3.500.000;200;3;4;3
Rua 24;R$ 755.182;82;2;3;1
Rua 146;R$ 1.290.000;130;3;4;2
Rua Mário Bittar;R$ 960.000;100;3;3;2
Rua 147;R$ 1.550.000;115;3;2;2
Rua 1128;R$ 1.600.000;104;3;4;2
Rua 1141;R$ 2.250.000;221;4;5;3
Rua 1123;R$ 339.900;70;2;2;1
Rua 42;R$ 1.230.000;132;3;4;2
Rua 145;R$ 1.410.000;139;3;5;2
Rua 135;R$ 1.410.000;121;3;4;2
Rua 143-A;R$ 1.277.000;106;3;3;2
Rua 27;R$ 1.490.000;147;3;4;3
Rua 1141;R$ 3.999.909;354-356;4;4-6;4
Rua 135;R$ 840.000;77;2;2;1
Rua 1138;R$ 1.290.000;121;3;4;2
Rua 1138;R$ 2.199.900;194;3;4;2
Rua 1141;R$ 415.000;38;1;1;1
Rua 146;R$ 1.400.000;140;3;4;2
Rua 135;R$ 1.350.000;122;3;4;0
Rua 146;R$ 1.250.000;96-99;2;1-3;1-2
;R$ 3.550.000;269;3;5;3
Rua 1141;R$ 2.050.000;227-228;4;5-6;3
Rua 146;R$ 1.390.000;133;3;3;2
Rua 1123;R$ 690.000;61;2;3;1
Rua 38;R$ 2.690.000;226;4;5;3
Rua;R$ 242.000;77;3;1;1
Rua 137-A;R$ 837.233;83;2;3;1
Rua 137-A;R$ 832.000;84;3;3;1
Avenida 136;R$ 520.000;49;1;1;1
Rua 1128;R$ 850.000;80;3;3;1
Alameda Coronel Eugênio Jardim;R$ 1.620.000;162;3;4;3
Rua 135;R$ 912.626;81;2;3;1
Rua 146;R$ 1.205.000;96;2;3;1
Rua 1123;R$ 1.364.000;110;3;4;2
Rua 135;R$ 1.300.000;122;3;3;2
Rua 30;R$ 1.982.118;172;3;5;2
Rua Mário Bittar;R$ 1.100.000;134;3;5;2
Rua 137-A;R$ 830.000;86;2;3;1
Rua;R$ 235.000;75;3;1;1
Rua 1141;R$ 1.078.000;120;3;4;2
Rua 137;R$ 1.026.000;92;2;2;1
Rua 139;R$ 670.990;48;1;1;1
Rua 146;R$ 1.777.242;171;4;4;2
Rua 1128;R$ 800.000;80;3;1;1
Rua 30;R$ 2.140.000;237;3;5;3
Alameda Ricardo Paranhos;R$ 706.253;82;3;1;2
;R$ 1.090.000;111;2;4;2
Rua 1141;R$ 2.000.000;198;4;4;3
Rua 36;R$ 1.836.050;162;3;5;3
Rua 1128;R$ 830.000;80;3;3;1
Rua 147;R$ 1.100.000;115;3;4;2
Rua 1125;R$ 1.890.000;171;3;5;2
Rua 1128;R$ 1.650.000;163;3;4;3
Rua 36;R$ 3.165.738;242;4;4;3
Rua 135;R$ 1.400.000;125;3;1;2
Rua 13;R$ 2.521.872;223;4;6;3
Rua 1128;R$ 1.100.000;116;3;5;2
Rua 146;R$ 1.260.000;138;3;4;2
;R$ 470.000;45;1;1;1
Rua 1141;R$ 419.000;38;1;1;0
Rua 13;R$ 2.599.000;233;3;4-5;3
Rua 145;R$ 990.000;130;3;3;0
Rua 34;R$ 1.820.000;185;3;3;3
Rua T 55;R$ 1.400.000;117;3;4;2
Rua 1123;R$ 1.450.000;127;3;4;2
Rua 1128;R$ 1.680.000;149;3;5;2
Alameda Coronel Eugênio Jardim;R$ 3.300.000;244;4;4;3
Rua 1141;R$ 1.900.000;227;4;4;2
Rua 38;R$ 2.570.000;226;4;5;3
Rua 15;R$ 475.000;40;1;1;1
Rua 24;R$ 744.286;66;2;2;1
Rua 1128;R$ 3.760.000;326;4;7;4
Rua 145;R$ 1.280.000;138;3;4;2
Rua 141;R$ 395.000;81;3;2;1
Rua 146;R$ 1.550.000;140;3;4;2
Rua 135;R$ 1.490.000;160;4;5;3
Rua 1141;R$ 899.000;71;2;2;1
Rua 146;R$ 1.560.000;138;3;3;2
Rua 1141;R$ 1.690.000;174;3;4;2
Rua 146;R$ 1.490.000;137;3;2;2
Rua 147;R$ 970.000;115;3;5;2
Avenida D;R$ 1.050.000;80;2;3;1
Rua 38;R$ 3.700.000;270;4;5;4
Rua 1128;R$ 545.188;48;1;1;1
Rua 1128;R$ 1.580.000;167;3;4;2
Rua 147;R$ 1.170.000;115;3;3;2
Rua 1128;R$ 2.115.990;149;3;4;2
Rua 135;R$ 1.470.000;160;4;6;2
Rua 38;R$ 1.480.000;138;3;4;2
Rua T 53;R$ 617.200;45;1;1;1
Rua 1141;R$ 2.950.000;224;4;5-6;3
Rua 145;R$ 1.490.000;140;3;5;2
Rua 139;R$ 250.000;69;3;1;1
Rua 1128;R$ 1.466.208;139;3;1;2
Rua 146;R$ 1.560.000;137-140;3;1-5;2-3
Rua 1141;R$ 1.290.000;121;3;4;2
Rua 1122;R$ 2.987.993;229;4;5;3
Rua 1138;R$ 3.750.000;287;4;5;4
Avenida D;R$ 570.680;45;1;1;1
Avenida 136;R$ 900.000;178;4;5;2
Rua 1128;R$ 1.049.000;105;3;4;2
Rua 1141;R$ 1.130.000;111;3;4;2
Rua 1126;R$ 3.990.000;245;4;6;4
Rua 1141;R$ 2.300.000;256;4;6;3
Rua 137-A;R$ 924.398;105;2;3;2
Rua 24;R$ 1.770.000;160;3;3;3
;R$ 1.250.000;130;3;5;3
Rua Amélia Artiaga Jardim;R$ 1.280.000;116;3;4;2
Rua 1141;R$ 1.290.000;118;3;4;2
Rua 1122;R$ 3.052.910;254;4;5;3
Rua 143;R$ 1.056.048;114;3;3;2
Rua 1123;R$ 379.000;62;2;2;1
Rua 148;R$ 2.000.000;208;3;4;3
Rua 1124;R$ 1.590.000;154;3;2;2
;R$ 948.000;116;3;4;2
Rua 1138;R$ 2.100.000;194;3;4;3
Rua 1121;R$ 1.245.000;116;2;3;2
Rua 24;R$ 1.790.000;160;3;5;3
Alameda Ricardo Paranhos;R$ 630.000;79;3;1;2
Rua 148;R$ 2.070.000;207-208;3;1-6;3
Rua 1124;R$ 1.700.000;157;3;3;2
Rua 1141;R$ 1.070.000;121;3;4;2
;R$ 268.000;19;1;1;1
Rua 38;R$ 1.390.000;136;3;4;2
Rua 147;R$ 1.368.000;115;3;4;2
Rua 135;R$ 1.890.000;182;3;3;3
Rua 22;R$ 400.000;38;1;1;1
Rua 146;R$ 1.500.000;140;3;3-4;2
Rua 148;R$ 1.370.000;115;3;4;2
;R$ 1.050.000;111;3;4;2
Rua 145;R$ 450.000;42-45;1;1;1
Alameda Coronel Joaquim de Bastos;R$ 1.127.254;89;2;3;2
Rua 1141;R$ 1.952.689;174;3;4;2
Rua 38;R$ 1.200.000;129;3;4;2
Rua 138;R$ 1.100.000;130;3;4;3
Rua 138;R$ 1.950.000;217;4;6;3
Rua 1141;R$ 2.750.000;221;4;6;3
Rua 135;R$ 1.400.000;121;3;4;2
Rua 139;R$ 588.000;47;1;1;0
Rua 1141;R$ 1.098.000;111;2-3;2-4;2
Avenida 136;R$ 550.413;42;1;1;1
Rua 1123;R$ 730.000;69;2;3;1
Rua 28;R$ 7.770.000;560;4;4;6
Rua 143;R$ 1.118.000;114;3;4;2
Rua Amélia Artiaga Jardim;R$ 949.000;116;3;4;2
Rua 1126;R$ 3.899.000;244;4;6;4
Rua 24;R$ 1.780.000;160;3;5;3
Rua Mário Bittar;R$ 1.049.990;100;3;4;2
Rua 1128;R$ 1.650.000;162-166;3;4;3
Rua 140;R$ 847.000;73;2;3;1
Rua 146;R$ 622.681;46;1;1;1
;R$ 1.863.857;157;3;5;3
Rua 135;R$ 866.000;77;2;2;1
Rua 38;R$ 1.290.000;136;3;3;2
Rua 146;R$ 1.249.998;130;3;4;0
Rua 146;R$ 1.150.000;132-142;3;5;2
;R$ 2.290.000;221;4;6;4
Avenida 136;R$ 645.000;48;1;2;1
Rua Mário Bittar;R$ 1.080.000;135;3;5;2
Rua 1128;R$ 1.650.000;167;3;5;3
Rua 1123;R$ 1.420.000;127;3;4;2
Rua 1138;R$ 3.199.900;259;4;5;3
Rua 1141;R$ 2.200.000;227;4;6;3
Rua 1128;R$ 1.775.520;162;3;4;3
Rua 147;R$ 1.060.000;115;3;5;4
Avenida Mutirão;R$ 1.540.000;140;3;3;2
Alameda Coronel Joaquim de Bastos;R$ 875.762;62;2;1;1
Rua 1125;R$ 2.199.999;200;4;6;3
Rua 24;R$ 1.780.000;160;3;4;3
Rua 1141;R$ 2.080.000;229;4;5;3
Rua 1128;R$ 1.926.932;116;3;4;2
;R$ 580.000;61;2;2;1
Rua 138;R$ 680.000;73;2;2;1
Rua 1128;R$ 1.650.000;162;3;4;3
Rua 32;R$ 2.716.000;263;4;7;3
Rua 1123;R$ 950.000;111;3;4;2
Rua 1123;R$ 338.999;70;2;2;1
Rua 145;R$ 500.000;31;1;1;1
Rua 148;R$ 3.999.999;323-324;4;6;3
Rua 1124;R$ 1.950.000;158;3;4-5;2-3
Rua 135;R$ 1.195.926;62-108;2;1-3;0-2
Rua 147;R$ 1.369.000;80;3;4;2
Rua T 55;R$ 1.217.754;116;3;4;2
Rua 1123;R$ 650.000;61;2;3;1
Rua 38;R$ 1.390.000;136;3;5;2
Rua 1141;R$ 1.090.000;111;2;3;2
;R$ 995.020;76;1;2;0
Rua 145;R$ 1.200.000;130;3;1;3
Rua 1141;R$ 2.100.000;221;4;6;3
Rua 140;R$ 520.000;41;1;2;1
Rua 135;R$ 1.890.000;179;3;1;3
Rua 135;R$ 2.550.000;217;4;6;3
;R$ 1.606.500;153;3;5;2
Rua 135;R$ 1.220.333;89;2;3;2
Rua T 53;R$ 355.000;37;1;1;1
Rua Amélia Artiaga Jardim;R$ 1.850.000;233;4;6;3
Rua 140;R$ 746.129;67;2;2;2
Rua 25;R$ 1.570.000;147;3;1-5;3
Rua 1123;R$ 1.420.000;127-130;3;1-4;2
Rua 1127;R$ 3.450.000;265;4;5;3
Rua 30;R$ 3.211.035;215;4;6;3
Rua 1124;R$ 1.540.000;154;3;4;2
Rua 148;R$ 2.100.000;207;3-4;4-5;3
;R$ 2.094.000;221;4;6;3
Rua 146;R$ 1.980.000;163;4;4;3
;R$ 1.074.268;109;3;4;2
Rua 145;R$ 1.120.000;138;3;4;2
Alameda Ricardo Paranhos;R$ 4.100.000;305;4;5;4
Rua 135;R$ 2.300.000;217;4;6;3
Rua 38;R$ 1.300.000;136;3;3;2
Rua 1128;R$ 2.350.000;150;3;4;2
Rua 145;R$ 530.000;120;3;2;1
Rua 135;R$ 1.299.000;126;3;3;2
Rua 135;R$ 1.990.000;182;3;4;3
Rua 24;R$ 1.790.000;157;3;4;3
Rua 1138;R$ 1.380.000;120;3;4;2
Rua 147;R$ 1.206.000;114;3;4;2
Rua 1128;R$ 1.102.500;104;3;1;2
Rua 1129;R$ 3.827.179;244;4;6;3
Rua 1128;R$ 1.199.900;105;3;4;2
Rua 38;R$ 1.300.000;136;3;4;2
Rua 1128;R$ 2.600.000;223;4;5;3
Rua 146;R$ 689.446;47;1;1;1
Rua 1128;R$ 1.600.000;162;3;4;3
Rua 1124;R$ 1.580.000;125;3;5;2
Rua 34-A;R$ 2.649.900;240;3;5;3
Rua 1123;R$ 1.550.000;127-130;3;1-4;2
Rua 1124;R$ 1.450.000;125;3;4;2
Rua 146;R$ 1.500.000;137;3;4;2
Rua 1123;R$ 930.000;90;3;3;2
Rua 30;R$ 1.749.000;150;3;4;2
Rua 1141;R$ 1.150.000;111;2;3;2
Rua 132;R$ 875.000;72;2;2;0
Rua 30;R$ 2.703.815;235;4;6;3
Avenida 136;R$ 528.734;49;1;1;1
Rua 34;R$ 3.450.000;404;4;5;3
Rua 1124;R$ 1.430.000;165;3;4;2
;R$ 1.903.000;199;3;5;3
Rua 1126;R$ 3.854.850;245;4;5;3
Rua 146;R$ 1.400.000;146;3;5;2
Rua 1128;R$ 1.189.000;120;3;4;2
Rua 15;R$ 380.000;34;1;1;1
Rua 135;R$ 698.000;52;1;1;0
Rua 1124;R$ 1.600.000;125;3;1;2
Rua 1128;R$ 1.670.000;167;2;4;3
Rua 135;R$ 1.600.000;178;3;4;2
Rua 148;R$ 4.900.000;404;5;2;6
Rua 25;R$ 1.750.000;230;4;4;2
Rua 145;R$ 1.100.000;130;3;1;3
Rua 15;R$ 2.778.000;260;4;6;3
Rua 148;R$ 2.990.000;218;3;4;3
Rua 135;R$ 1.950.000;199;3;5;3
Rua 145;R$ 1.300.000;130;3;5;2
Rua 138;R$ 875.000;92;2;3;2
Rua 148;R$ 2.980.000;218;4;6;3
Rua Amélia Artiaga Jardim;R$ 741.000;71-75;2;1-3;1-2
;R$ 2.250.000;195;3;5;3
Rua 1141;R$ 1.856.000;174;3;2;2
Rua 146;R$ 1.400.000;140;3;5;5
Rua 1141;R$ 2.550.000;221;3;5;3
;R$ 1.293.000;114;3;4;2
Rua 1124;R$ 1.907.000;157;3;4;2
Rua 145;R$ 990.000;133;3;4;3
Rua 1128;R$ 633.165;64;1;1;1
Rua 1124;R$ 1.490.000;157;3;4;2
Rua Amélia Artiaga Jardim;R$ 850.000;84;3;3;1
Rua Mário Bittar;R$ 880.000;100;3;6;2
Rua 30;R$ 1.655.000;150;3;4;3
Rua 1121;R$ 2.990.677;245;4;6;3
Rua 1121;R$ 2.850.000;260;4;5;3
Alameda Coronel Eugênio Jardim;R$ 3.300.000;244;3;5;3
Rua 1128;R$ 1.750.000;162;3;5;3
;R$ 1.100.000;128-165;3;1-5;2-3
;R$ 1.824.180;171;4;6;2
Alameda Coronel Eugênio Jardim;R$ 5.383.986;506-544;4;4-5;4
Rua 137;R$ 741.000;76;2;2;1
Rua 137-A;R$ 820.000;88;3;2;1
Rua 1124;R$ 1.850.000;157;3;5;2
Rua 1141;R$ 2.118.109;174-191;3;3;2
Rua 146;R$ 1.570.000;137;3;4;2
Rua 1124;R$ 2.315.000;204;4;5;2
Rua 13;R$ 2.750.000;226;4;4-5;3
Rua 148;R$ 1.950.000;207;3;3;3
Rua 135;R$ 922.886;93;2;3;1
Rua 24;R$ 1.898.000;160;3;5;3
;R$ 270.000;20;1;1;1
Rua Amélia Artiaga Jardim;R$ 1.080.000;120;3;3;2
;R$ 490.000;70;1;2;0
Rua 146;R$ 1.600.000;151;3;4;2
Rua 147;R$ 1.370.000;114-116;3;1-5;1-2
Rua 1132;R$ 1.100.000;121;3;4;0
Rua 34-A;R$ 3.300.000;240;3;4;3
Rua 27;R$ 1.300.000;157;3;4;3
;R$ 850.000;92;2;3;2
Rua 146;R$ 1.600.000;140;4;4;2
Rua 137-A;R$ 816.000;89;2;2;1
Rua Amélia Artiaga Jardim;R$ 550.000;48;1;1;1
Rua 146;R$ 1.570.000;137;3;3;2
Rua 1138;R$ 1.080.000;120;3;3;2
Rua T 53;R$ 537.975;39;1;1;1
Alameda Ricardo Paranhos;R$ 3.315.000;227-370;4;1-6;3-4
Rua 1141;R$ 1.800.000;228;4;6;3
;R$ 1.549.000;163;3;5;2
Rua 1128;R$ 999.000;105;3;4;2
Rua 148;R$ 540.000;59;2;1;1
Rua 146;R$ 1.390.000;130;3;4-5;2
Rua 137-A;R$ 850.000;86;3;2;1
Rua 1124;R$ 2.100.000;158;3;4;2
Rua 1128;R$ 1.750.000;162;3;4;0
Rua 138;R$ 960.000;93;2;3;2
Rua 1123;R$ 960.000;89;3;2;2
Rua 135;R$ 1.990.000;178;3;5;3
Rua Amélia Artiaga Jardim;R$ 810.000;68;2;2;1
Rua 145;R$ 1.400.000;134;3;4;3
;R$ 1.401.000;122;3;4;3
Rua 15;R$ 920.000;150;4;5;3
Rua 24;R$ 500.000;51;1;1;1
;R$ 1.112.000;114;3;4-5;2
;R$ 1.347.165;120;3;4;2
Rua 36;R$ 2.360.000;206-243;4;4;3
Rua 1124;R$ 1.600.000;157;2;2;2
Rua T 55;R$ 450.000;34;1;1;0
Rua 1124;R$ 2.150.000;157;3;3;2
Rua 1128;R$ 900.000;80;3;3;1
;R$ 1.770.000;160;3;4;3
;R$ 2.290.000;221;4;5;4
Rua 135;R$ 545.000;50;1;1;1
Rua 135;R$ 1.390.000;122;3;4;2
Rua 135;R$ 300.000;50;1;1;1
Rua 36;R$ 2.350.000;225;3;4;4
Rua 13;R$ 2.875.654;243;3;5;3
Rua 24;R$ 1.254.000;119;3;3;2
Rua 1127;R$ 3.425.610;265;4;1;3
;R$ 2.122.367;190-230;4;5-6;3
Rua 1141;R$ 1.840.000;198;4;5;3
Rua 148;R$ 2.100.000;207;3;4;0
Rua 146;R$ 1.100.000;96;2;3;1
Rua 1141;R$ 820.000;72;2;3;7
Rua 146;R$ 1.650.000;138;3;2;2
Alameda Ricardo Paranhos;R$ 3.500.000;265;3;5;5
Rua Mário Bittar;R$ 1.750.000;177;4;4;3
Rua 1141;R$ 2.850.000;344;4;5;4
Alameda Coronel Eugênio Jardim;R$ 1.290.000;105;3;4;2
Rua Amélia Artiaga Jardim;R$ 875.000;72;2;1;1
Rua 1141;R$ 2.300.000;203;4;6;3
Rua 1124;R$ 1.600.000;157;2;2-4;0-2
Rua 148;R$ 2.100.000;205;3;5;3
Rua 135;R$ 1.599.900;146;3;5;3
Rua 24;R$ 1.229.208;119-120;3;3-5;2
Rua 147;R$ 1.380.000;113;3;5;2
Rua 1128;R$ 730.000;80;3;3;1
;R$ 1.515.890;137;3;4;2
Rua 1138;R$ 2.310.000;194;3;2;3
Rua 1141;R$ 1.312.241;114;2;3;2
Rua 1141;R$ 1.815.992;227;4;5;3
Rua 137-A;R$ 799.000;89;2;4;1
Rua 145;R$ 1.250.000;130;3;4;3
Rua 141;R$ 430.000;38;1;1;1
;R$ 1.952.000;157;3;4;2
Rua 1125;R$ 1.922.765;171;3;5;2
Rua 1138;R$ 2.231.000;194;3;2;3
Rua 1124;R$ 1.780.000;157;3;2;2
Rua 1141;R$ 2.296.752;194;3;4;3
Rua 137-A;R$ 804.906;84;2;1;0
Rua 135;R$ 1.980.000;181;3;3;3
Rua 1124;R$ 990.000;111;3;4;2
Rua 146;R$ 1.735.000;162;3;5;2
Rua 38;R$ 1.350.000;136;3;4;2
Rua 36;R$ 2.332.291;206-243;4;4;3
Rua T 51;R$ 1.650.000;153;3;5;3
Rua 1128;R$ 795.000;80;3;3;1
Rua 1126;R$ 3.270.000;243;4;6;3
Rua 148;R$ 4.800.000;404;5;5-8;6
Rua 135;R$ 835.000;88;2;2;1
Rua 145;R$ 1.100.000;132;3;5;0
Rua 1121;R$ 1.290.000;245;4;4;3
Rua 139;R$ 2.000.000;190;3;5;4
Rua 30;R$ 2.357.000;207;3;5;3
Rua 1128;R$ 1.600.000;167;3;4;3
Rua 146;R$ 1.184.750;98;2;2;0
Rua 135;R$ 951.081;63;1;2;1
Rua 135;R$ 1.269.000;122;3;3;2
Rua 1141;R$ 1.950.000;228;3;5;3
Rua 147;R$ 1.380.000;115;3;2;2
Rua 146;R$ 1.100.000;67;2;2;1
Rua 13;R$ 2.550.000;249;4;5;3
;R$ 2.670.617;210;4;6;3
;R$ 3.500.000;349;4;5;4
;R$ 1.672.340;162;3;5;2
Rua 145;R$ 1.130.000;130;3;3;2
Rua 139;R$ 2.100.000;190;3;4;4
Rua 146;R$ 1.597.000;160;3;5;2
Avenida 136;R$ 441.759;49;1;1;0
Rua 27;R$ 1.300.000;158;3;4;3
Rua 1141;R$ 5.000.000;405;5;6;4
Rua 135;R$ 1.890.000;180;3;5;3
;R$ 1.050.000;106;3;2;2
Rua 1126;R$ 3.854.000;250;4;6;4
Avenida 85;R$ 880.000;80;2;3;1
Rua 32;R$ 2.900.000;260-263;4;6;3
Rua 1141;R$ 2.700.000;227;4;5;3
Rua 146;R$ 1.800.000;160;4;4;2
Rua 1128;R$ 1.600.000;166;3;4;3
Rua 146;R$ 768.000;161;3;4;2
Avenida 136;R$ 823.000;74;2;3;1
Rua 34-A;R$ 2.299.999;206-210;3-4;3-6;2-4
Rua 32;R$ 2.780.000;260;4;5;4
Avenida T 8;R$ 1.790.000;160;3;3;3
Rua 145;R$ 380.000;32;1;1;0
Rua 38;R$ 1.600.000;130;3;3-4;2
Rua 30;R$ 1.799.999;150;3;5;2
Rua 135;R$ 1.350.000;121;3;3;2
Rua 135;R$ 545.000;49-53;1;1;1
Rua 1141;R$ 1.840.000;198;4;6;3
Rua 30;R$ 2.800.000;311;4;6;3
Rua 1123;R$ 1.600.000;127;3;4;2
Rua 38;R$ 2.840.283;226;3;4;3
Avenida Americano do Brasil;R$ 2.200.000;208;3;4-5;3
Rua 38;R$ 1.499.000;136;3;1;2
;R$ 3.472.000;211;3;5;3
;R$ 2.162.200;157;3;3-5;2
Rua 24;R$ 1.800.000;157;3;2;3
Rua 143;R$ 958.000;114;3;4;2
Rua 1128;R$ 1.670.000;167;3;4;3
Rua 146;R$ 2.042.000;170;3;4;3
Rua 13;R$ 3.710.000;269;4;5;3
;R$ 1.050.000;115;3;3;2
Rua 1141;R$ 2.397.000;229;3;4;3
;R$ 698.000;69;2;2;1
Rua 148;R$ 4.300.000;287;4;6;4
Rua Amélia Artiaga Jardim;R$ 3.175.000;260;4;5;4
Rua Amélia Artiaga Jardim;R$ 1.199.990;116;3;5;2
Rua 137-A;R$ 850.000;88;2;2;1
Rua 1128;R$ 795.960;72;2;1;1
Avenida 136;R$ 855.000;73;2;2;1
Rua 138;R$ 2.194.500;217;3;5;3
Rua 1131;R$ 1.290.000;121;3;4;2
Rua 1128;R$ 1.031.250;90;3;3;2
Rua 137-A;R$ 804.906;83-89;2;1-3;1-2
Alameda Ricardo Paranhos;R$ 1.990.000;162;3;5;3
Rua 1141;R$ 2.000.000;190;3;5;2
Rua 137-A;R$ 820.000;87;3;2;1
Rua 13;R$ 2.300.000;207;4;4;3
Rua 24;R$ 1.770.000;157;3;5;3
Rua 1128;R$ 1.643.020;104-121;3;3-5;2-3
Rua 15;R$ 1.401.320;121;2;3;1
Rua 146;R$ 767.000;72-73;2;3;0
Rua 1141;R$ 1.960.000;260;4;6;3
Rua Amélia Artiaga Jardim;R$ 942.729;84;2;3;1
Rua 1141;R$ 2.200.000;198;4;6;3
Rua Mário Bittar;R$ 1.080.000;100;3;4;2
Rua 135;R$ 979.571;100;2;2;1
Rua 15;R$ 295.000;19;1;1;0
Rua 135;R$ 849.000;81;2;3;1
Rua 1141;R$ 2.500.000;227;4;4;3
;R$ 515.641;43;1;1;0
Rua 146;R$ 3.680.000;266-271;4;6;3-4
Rua 1125;R$ 1.390.000;127;3;4;2
Rua 38;R$ 1.600.000;130;3;4;0
Rua 135;R$ 1.599.900;146;3;4;3
Rua Amélia Artiaga Jardim;R$ 990.000;72;2;3;1
Rua 13;R$ 2.820.000;240;4;6;3
Rua 1141;R$ 980.000;111;3;5;2
Rua 1128;R$ 1.600.000;166;3;3;3
Rua 1128;R$ 700.000;80;3;3;1
;R$ 2.500.000;228;4;5;3
;R$ 3.540.000;267;4;6;3
Rua 34-A;R$ 1.998.000;162;3;4;3
Rua 1128;R$ 930.000;81;3;3;1
Rua 1123;R$ 950.000;90;3;2;2
Rua 1126;R$ 3.799.900;244-245;3;4;3
Rua Amélia Artiaga Jardim;R$ 830.000;77;2;1;1
Rua 13;R$ 2.930.000;240;3;4;3
Rua 32;R$ 2.750.000;220;3;3;4
Rua 1141;R$ 1.196.990;121;3;4;2
Rua 32;R$ 2.649.145;260;4;5;3
Avenida T 15;R$ 890.000;100;3;4;2
Rua 1141;R$ 830.000;68;2;3;1
;R$ 2.500.000;224-230;3;2-5;3
Rua 32;R$ 2.750.000;260;4;5;3
Alameda Ricardo Paranhos;R$ 529.000;72;2;3;1
;R$ 2.553.726;215;4;5;4
Rua 135;R$ 883.600;80;2;3;1
Rua 135;R$ 2.349.000;216-217;3-4;4-6;2-3
Rua 1141;R$ 1.600.000;120;3;4;0
Rua Amélia Artiaga Jardim;R$ 2.650.000;265;4;5;4
Avenida D;R$ 510.000;42;1;1;1
Rua 146;R$ 1.490.000;140;3;4;0
Rua 1127;R$ 3.111.000;265-268;4;6;0-4
Rua 1141;R$ 2.000.000;227;3;5;3
Rua 1141;R$ 2.064.000;187;3;3;2
Rua 1128;R$ 1.973.209;162;3;2;2
Rua 24;R$ 1.770.000;160;3;5;3
Rua 1141;R$ 2.490.000;233;4;5;3
Avenida D;R$ 600.000;42;3;2;1
Rua 1121;R$ 1.450.000;150;3;4;3
Rua 135;R$ 3.200.000;278;3;5;3
Rua 1141;R$ 2.000.000;198;3;5;3
Rua 148;R$ 2.899.999;214;3;5;3
;R$ 768.832;71;2;1;1
Rua 1141;R$ 2.290.000;221;4;6;4
Rua 146;R$ 1.490.000;137;3;4;3
Rua 1128;R$ 1.750.000;162;3;4;3
Rua 1141;R$ 2.200.000;228;4;5;3
Rua 138;R$ 1.300.000;130;3;4;0
Avenida Americano do Brasil;R$ 1.990.000;208;3;5;3
Rua 1123;R$ 680.000;69;2;1;1
Rua 24;R$ 1.790.000;160;3;4;3
Rua Mário Bittar;R$ 935.000;99;3;4;2
Rua 15;R$ 1.273.194;121;2;2;2
Rua 1141;R$ 1.150.000;111;2;2;2
Rua 1128;R$ 1.600.000;151;3;5;3
Rua 147;R$ 1.390.000;115;3;4;2
Rua 1138;R$ 1.250.000;120;3;4;2
Rua 1128;R$ 3.400.000;326;4;6;4
Avenida 136;R$ 536.000;49;1;1;0
Rua 1128;R$ 945.000;90;3;1;2
Rua 1141;R$ 2.590.000;221-225;4;1-6;3
Rua 1141;R$ 670.000;75;3;3;1
Rua 143;R$ 982.442;114-115;3;3-4;2
Rua 1128;R$ 660.000;64;1;1;1
Rua 1141;R$ 1.600.000;120;3;4;2
;R$ 870.000;86;3;4;2
Rua 135;R$ 2.200.000;180;3;4;3
Rua 25;R$ 1.550.000;147;3;4;3
Rua 30;R$ 1.800.720;150;3;4;2
Rua 25;R$ 1.560.000;147;3;5;3
;R$ 2.250.000;233;3;6;3
Alameda Coronel Eugênio Jardim;R$ 3.300.000;244-245;3;1-6;3
Rua 148;R$ 4.900.000;404;5;6;6
Alameda Coronel Eugênio Jardim;R$ 3.080.000;245;4;1;3
Rua 1141;R$ 4.719.000;348;4;5;4
Rua 1141;R$ 2.107.000;190;3;2;2
Rua 135;R$ 1.890.000;178;3;5;3
Rua 1126;R$ 4.037.000;244;4;6;4
Rua 1128;R$ 980.000;105;3;4;2
Rua Amélia Artiaga Jardim;R$ 970.000;116;3;3;2
Rua 1141;R$ 1.160.000;111;3;4;2
;R$ 1.890.000;166;3;4;2
;R$ 2.084.338;190;3;5;2
Rua 1128;R$ 1.250.000;116;3;5;2
Rua 1141;R$ 1.990.000;198;4;6;4
Rua 135;R$ 1.970.000;178;3;4;3
Rua 146;R$ 1.267.000;137-138;3;3-4;1-13
Rua 1128;R$ 720.000;72;2;1;1
Rua 148;R$ 2.100.000;207;4;4;3
Rua 1123;R$ 1.264.000;110;3;4;2
Rua 1141;R$ 2.290.000;221;3;5;3
Rua 1141;R$ 1.290.000;110;3;4;2
Rua 1138;R$ 1.340.000;120;3;4;2
Rua 146;R$ 1.350.000;165;3;5;2
Rua 135;R$ 1.890.000;178;3;4;3
Rua 1123;R$ 1.100.000;130;3;1;2
Rua 135;R$ 1.710.000;182;3;4;3
Rua 147;R$ 990.000;115;3;5;2
Alameda Doutor Sebastião Fleury;R$ 6.971.000;411;4;6;4
Rua 1141;R$ 2.550.000;233;4;5;3
Rua 1141;R$ 3.100.000;232;4;5;0
Rua 1141;R$ 1.050.000;111;2;5;2
Rua 1141;R$ 2.600.000;233;4;6;3
Rua 36;R$ 2.831.384;240;3;4;3
Rua 146;R$ 1.350.000;165;3;4;2
Rua 1125;R$ 2.199.000;200-204;4;4-6;2-3
Rua 135;R$ 871.490;77;2;2;1
Rua 24;R$ 1.750.000;161;3;4;3
Rua 144;R$ 183.997;16;1;1;1
Rua 1138;R$ 2.999.000;259;4;6;3
;R$ 3.664.836;244;3;5;3
Rua 1128;R$ 1.650.000;167;3;4;0
;R$ 1.750.000;162;3;4;2
Alameda Ricardo Paranhos;R$ 3.889.190;305;4;5;4
Rua 148;R$ 3.100.000;268;4;6;3-4
Rua 24;R$ 1.890.000;160;3;4;2
;R$ 2.419.000;256;4;6;3
;R$ 3.509.000;266-271;4;5-6;3-4
Rua 24;R$ 700.000;67;2;1;2
Rua 146;R$ 4.622.966;271;4;5;3
Rua 38;R$ 1.330.000;136;3;2;2
Rua 24;R$ 970.000;116;3;4;2
Rua 1123;R$ 929.000;110;3;2;0
Rua 148;R$ 2.100.000;207;3;4;3
Alameda Ricardo Paranhos;R$ 3.240.000;249;4;5;3
Rua 1128;R$ 810.000;80;2;3;2
Rua 1124;R$ 1.950.000;157;3;4;2
Rua T 55;R$ 380.000;28;1;1;1
Rua 135;R$ 1.650.000;159;3;4;2
Rua 13;R$ 3.310.587;249;3;4;3
Rua Mário Bittar;R$ 2.500.000;217-218;4;5-6;3-4
Rua 15;R$ 460.000;45;1;1;1
Rua 1126;R$ 2.700.000;244;4;6;3
Rua 1138;R$ 3.990.000;298;3;5;3
Avenida T 4;R$ 2.000.000;137;2;3;0
Rua 1141;R$ 2.850.000;224;4;4;3
Rua 38;R$ 1.390.000;135;3;3;2
Rua 135;R$ 2.200.000;182;3;4;3
Rua 135;R$ 1.590.000;148;3;4;4
Rua 1141;R$ 2.171.000;186;3;3;2
Rua 1123;R$ 474.000;45;1;1;1
Rua 1141;R$ 2.150.000;229;4;5;3
Rua 1128;R$ 1.749.999;163;3;4;3
Rua 146;R$ 1.933.000;160;3;5;2
Rua 146;R$ 1.550.000;140;3;5;2
Rua 138;R$ 404.900;44;1;1;1
Rua 146;R$ 1.230.000;140;3;5;2
Rua 147;R$ 1.350.000;115;3;5;2
Rua 135;R$ 979.571;102;1;1;1
Rua 148;R$ 2.850.000;218;3;4;3
Rua 146;R$ 1.300.000;137;3;1;2
Rua 28;R$ 1.257.000;114;3;4;2
Rua 148;R$ 4.500.000;264;4;6;0
Avenida Americano do Brasil;R$ 2.475.000;225;4;6;3
Avenida 85;R$ 265.000;76;3;1;1
Rua Mário Bittar;R$ 1.000.000;135;3;5;0
Rua 38;R$ 2.700.000;226;3;5;3
Rua Mário Bittar;R$ 1.080.000;99;3;5;2
Rua 1124;R$ 2.200.000;154;3;5;0
Rua 1139;R$ 2.526.993;256;4;6;3
Rua 1141;R$ 5.000.000;405;4;4;4
Rua 135;R$ 1.490.000;159;3;4;3
Rua 1141;R$ 1.950.000;174;3;4;2
Rua 135;R$ 1.980.000;181;3;4;3
Rua 1128;R$ 1.650.000;167;3;2;2
Rua 1141;R$ 2.350.000;217;3;6;3
Rua 146;R$ 2.550.000;226;4;4;3
Rua 1141;R$ 2.790.000;224;4;6;3
Rua 1141;R$ 2.350.000;256;4;6;3
Rua 30;R$ 2.551.045;215;4;5-6;3
Rua 1125;R$ 4.600.000;306;4;6;5
;R$ 1.650.000;180;3;5;3
Rua 145;R$ 1.490.000;150;3;1;2
Rua 135;R$ 1.390.000;121;3;4;2
Rua Amélia Artiaga Jardim;R$ 1.286.000;115;2;3;2
Rua 135;R$ 1.598.000;159;3;3;2
Rua 1128;R$ 1.150.000;104;3;4;0
Rua 135;R$ 1.980.000;182;3;4;3
Rua 146;R$ 1.219.950;137;3;3;2
Rua 148;R$ 3.289.999;262;4;6;3
Rua 1141;R$ 2.790.000;224;4;1;3
Rua 13;R$ 2.600.000;244;3;4;3
Rua 1141;R$ 1.855.000;172;3;5;2
Rua Mário Bittar;R$ 1.990.000;210;4;5;4
Rua Mário Bittar;R$ 1.609.980;153;3;4;3
Rua 135;R$ 1.790.000;159;3;5;2
;R$ 1.980.958;191;3;4;2
Alameda Coronel Joaquim de Bastos;R$ 3.300.000;244;3;5;3
Rua 146;R$ 3.581.935;270;4;5;2
Rua 146;R$ 1.380.000;96;2;3;1
Rua 1141;R$ 2.021.568;186;3;4;2
Rua 145;R$ 1.300.000;139;3;3;2
Rua Amélia Artiaga Jardim;R$ 1.289.763;114-115;2;3;1-2
Alameda Coronel Eugênio Jardim;R$ 5.200.000;370;4;6;4
Rua 1124;R$ 1.570.000;125;2;3;2
Rua 24;R$ 1.790.000;160;3;3;0
Rua 1141;R$ 2.100.000;228;4;5;3
Rua 135;R$ 1.980.000;200;4;6;3
Rua 38;R$ 1.600.000;129;3;4;2
Alameda Coronel Eugênio Jardim;R$ 3.299.500;244;3;5;3
;R$ 3.550.000;268;4;5;3
Rua 42;R$ 1.350.000;134;3;4;2
Rua 135;R$ 1.350.000;121;3;5;2
Rua 13;R$ 2.360.000;206;4;5;3
;R$ 2.372.579;206;3;4;3
Rua Amélia Artiaga Jardim;R$ 467.210;40;1;1;1
Rua 1124;R$ 1.944.714;157;3;4;2
Rua T 53;R$ 9.330.000;544;5;7;6
;R$ 4.433.939;323;4;6;5
Rua 1141;R$ 942.596;84-86;2;2-3;1
Alameda Ricardo Paranhos;R$ 6.370.000;409-416;4;6;4
Rua 146;R$ 1.560.000;137;3;4;2
Rua 13;R$ 2.649.448;208;3;4;3
Rua 135;R$ 1.980.000;181;3;3;2
Avenida D;R$ 1.277.000;106;3;3;2
Rua 1126;R$ 4.020.280;244;3;6;3
Rua 135;R$ 2.149.000;216;3;5;3
Rua 147;R$ 1.206.386;115;3;4;2
Avenida Americano do Brasil;R$ 2.300.000;203;4;6;3
Rua 135;R$ 1.990.000;178;3;4;3
Rua 1141;R$ 2.250.000;198;4;4;3
Rua 1141;R$ 2.760.000;221;4;6;3
Rua 1122;R$ 3.163.000;250;4;6;3
Avenida Mutirão;R$ 11.900.000;642;4;4;7
Rua 145;R$ 990.000;130;3;3;3
;R$ 1.150.000;96;2;2;1
Rua 146;R$ 1.480.000;140;3;4;2
Rua 1141;R$ 2.200.000;228;4;6;3
Rua Amélia Artiaga Jardim;R$ 1.263.000;122;3;2;2
Rua 147;R$ 1.369.000;115;3;4-5;0
Rua 1125;R$ 2.283.365;197;3;4;2
Rua 1138;R$ 8.000.000;612;5;5-6;6
Rua Amélia Artiaga Jardim;R$ 501.767;48;1;1;1
Rua 135;R$ 1.220.333;108;3;4;2
;R$ 2.550.000;254;4;5;4
Rua 135;R$ 1.990.000;178;3;4-5;3
Rua 1127;R$ 1.890.000;179;3;5;3
Rua 147;R$ 1.380.000;114;3;3;2
Rua 135;R$ 597.000;49;1;1;1
Rua 34-A;R$ 2.809.604;240;4;5;3
Rua 1141;R$ 2.900.000;344;4;5;4
Rua T 55;R$ 380.000;28;1;1;0
Rua 1126;R$ 3.100.000;287;4;5;4
Rua Mário Bittar;R$ 880.000;100;3;4;2
Rua 1141;R$ 2.590.000;225;4;5;3
Rua 1141;R$ 1.290.000;111;3;7;2
Rua 34;R$ 2.100.000;170;3;4;2
Rua 1138;R$ 3.990.000;287;4;6;4
Rua 1141;R$ 2.465.000;254;4;6;3
Rua 146;R$ 1.550.000;158;3;2;0
Rua 34;R$ 4.238.000;355;4;7;4
Rua 1122;R$ 4.249.352;320;4;5;4
Rua 1128;R$ 755.000;70;2;1;1
;R$ 720.000;88;3;2;2
Rua T 53;R$ 7.068.256;393;4;6;4
Rua Mário Bittar;R$ 880.002;100;3;4;2
;R$ 902.020;86;2;3;0
;R$ 1.830.000;150;3;5;2
Rua 148;R$ 4.199.999;320;4;4-7;5-6
Rua Mário Bittar;R$ 2.190.000;210;4;5;4
Rua 138;R$ 2.149.000;218;4;5;3
Avenida D;R$ 550.000;42-43;1;1;1
Rua 1128;R$ 1.050.000;104;3;1;2
;R$ 1.187.000;66;3;4;1
Rua 1141;R$ 2.212.000;190;3;1;2
Rua 137-A;R$ 902.941;87;1;1;1
Alameda Doutor Sebastião Fleury;R$ 2.980.000;265;3;4;0
Rua 1138;R$ 1.400.000;122;3;3;2
Avenida Americano do Brasil;R$ 2.300.000;203;4;5;3
Rua 1128;R$ 1.108.999;96;2;1;1
;R$ 4.050.000;356;4;6;4
Rua 135;R$ 3.180.000;278;3;5;3
Rua 135;R$ 2.350.000;216;3;1;3
Rua 138;R$ 2.187.349;218;4;6;3
Rua 13;R$ 2.456.959;205-211;3;4-5;3
Rua 1141;R$ 3.000.000;333;3;4;4
Rua 1141;R$ 2.000.000;256;4;5;3
Avenida Americano do Brasil;R$ 2.000.000;210;3;4;0
Rua 146;R$ 2.009.970;165;4;5;3
Rua 139;R$ 2.181.338;217;3;4;3
Rua 1128;R$ 1.650.000;163;3;4;2
;R$ 2.397.600;240;4;3;3
Rua 28;R$ 7.296.000;560-561;5;6-8;5
Rua 32;R$ 2.690.000;260;4;5;3
Rua 1141;R$ 2.420.000;260;4;5;3
Rua 1124;R$ 1.490.000;157;3;4-5;2
Rua 1141;R$ 1.890.000;227;4;5;3
Rua 13;R$ 2.790.000;226;3;4;3
Alameda Coronel Eugênio Jardim;R$ 4.138.546;266-365;3;4-5;4
;R$ 2.350.000;216;3;5;3
;R$ 1.570.000;125;4;5;2
Alameda Ricardo Paranhos;R$ 3.650.000;210;3;5;3
Alameda Coronel Eugênio Jardim;R$ 3.420.000;230;3;5;3
Rua 1125;R$ 2.262.000;204;4;6;3
;R$ 2.230.000;185;3;5;3
Rua 146;R$ 1.229.030;137;3;4;2
Rua 135;R$ 2.145.000;216;4;5;3
Rua 145;R$ 1.250.000;165;3;3;2
Rua 146;R$ 1.560.000;138;3;5;2
Rua 13;R$ 2.600.000;244;3;3;2
Rua 34;R$ 1.980.000;175;4;6;3
Rua 138;R$ 2.170.000;217;4;4;3
Alameda Ricardo Paranhos;R$ 3.309.000;272-316;4;5-6;4
Rua 38;R$ 1.200.000;139;3;3;2
Avenida Americano do Brasil;R$ 2.200.000;208;3;5;3
Rua 1126;R$ 3.237.250;243;4;5;3
Rua 147;R$ 1.430.000;115;3;5;2
Rua 13;R$ 2.700.000;226;3;3;3
Rua 34-A;R$ 2.100.000;206;3;5;3
Rua 1128;R$ 1.810.000;149;3;4;3
;R$ 1.950.000;242;4;6;0
Rua 38;R$ 2.999.000;226;4;6;3
Rua 1141;R$ 3.299.080;227;4;6;3
Rua Mário Bittar;R$ 990.000;100;3;5;2
;R$ 3.163.158;259;4;6;0
;R$ 1.950.000;217;3;5;3
;R$ 1.698.980;153;3;4;2
;R$ 430.000;34;1;1;0
Rua T 53;R$ 8.840.000;505;4;6;5-6
Rua 1141;R$ 2.000.000;177;3;5;3
Rua 1141;R$ 2.190.000;256;3;5;4
Rua 36;R$ 4.170.000;326;4;6;4
Rua 1128;R$ 1.990.284;116;3;4;2
Rua 1141;R$ 2.280.000;227;3;4;3
Rua 30;R$ 1.903.000;168;3;5;2
Rua 137-A;R$ 799.990;86-87;3;2;1
;R$ 2.215.626;200;4;6;0
Avenida D;R$ 852.337;79;2;2;1
Rua T 55;R$ 1.150.000;79;2;3;1
Rua 1141;R$ 2.290.000;221;4;5;0
Rua 1141;R$ 2.550.000;233;4;6;3
Rua 135;R$ 860.000;72;2;3;1
Rua 135;R$ 2.700.000;184;3;5;3
Rua 23-A;R$ 335.000;122;3;3;1
Rua 38;R$ 3.380.000;270;4;6;3
Rua Amélia Artiaga Jardim;R$ 1.590.000;116;3;4;2
Rua 1141;R$ 2.290.000;221;4;4;4
Rua 135;R$ 1.390.000;121;3;4;0
Rua 1123;R$ 1.265.000;110;3;1;2
Rua T 53;R$ 695.430;58;2;2;1
Rua 148;R$ 4.520.000;264;4;6;3
Rua 1141;R$ 4.410.000;411;4;5;3
Rua 1141;R$ 1.500.000;122;3;1;2
;R$ 2.080.000;227;4;6;0
Rua 1141;R$ 2.290.000;221;4;5;3
Rua 135;R$ 3.200.000;278;3;4;3
Rua 1141;R$ 3.200.000;256;4;5;3
Rua 13;R$ 3.030.170;270;4;5;4
Rua Mário Bittar;R$ 1.690.000;176;4;6;3
Rua 148;R$ 5.850.000;404;5;6;5-6
;R$ 1.889.567;150;3;5;2
Rua 1132;R$ 4.300.000;326;4;5;4
Rua 1128;R$ 1.870.858;149;3;5;2
Rua 146;R$ 550.000;49;1;1;1
Alameda Ricardo Paranhos;R$ 2.861.348;247;4;5;3
Rua 1128;R$ 1.550.000;167;3;4;2
Rua 1123;R$ 1.335.000;110;3;4;2
Rua 38;R$ 4.235.000;270;4;6;3
Rua 1121;R$ 2.657.000;218;4;6;3
Rua 145;R$ 1.400.000;163;3;5;2
Rua 34-A;R$ 2.199.999;206-210;3-4;3-6;2-4
Rua 1129;R$ 3.974.387;243;4;5;3
Rua 34;R$ 2.050.000;158;2;3;3
Rua 1128;R$ 1.734.255;162;3;4;0
Rua 137;R$ 820.000;86;2;1;1
Rua 36;R$ 2.800.000;266;4;5;3
Rua 1133;R$ 2.200.000;217;4;5;3
Rua 145;R$ 1.500.000;151;3;2;2
Rua 1128;R$ 1.234.440;104;3;3;2
Rua 1126;R$ 2.760.000;259;4;2;3
Rua 146;R$ 4.804.367;269;4;5;3
Rua 146;R$ 3.500.000;270;3;5;3
Alameda Ricardo Paranhos;R$ 3.300.000;265;4;5;4
Rua 138;R$ 1.300.000;130;3;4;2
Rua 32;R$ 2.645.000;260;4;5;3
Rua 148;R$ 4.450.000;320;4;6;5
Rua 13;R$ 4.999.999;324;4;6;5
;R$ 1.435.053;121;3;5;2
Rua 38;R$ 1.150.000;136;3;4;2
Rua 1141;R$ 1.960.000;260;4;4;3
;R$ 2.000.000;227;4;5;3
Rua 42;R$ 1.350.000;135;3;4;2
Rua 30;R$ 3.100.000;234;3;5;3
Rua Mário Bittar;R$ 1.810.770;153;3;4;3
Rua 135;R$ 2.090.000;200;3;5;3
Avenida 136;R$ 1.000.000;251;4;5;3
Rua 145;R$ 400.000;32;1;1;1
;R$ 2.044.772;171;4;4;3
Rua 135;R$ 880.000;76;2;2;1
Rua 1129;R$ 3.956.795;245;4;5;4
Rua 36;R$ 2.805.000;240;4;6;3
Rua 30;R$ 1.772.000;172;3;3;0
Rua 1121;R$ 2.150.000;216;4;5;3
Rua 1124;R$ 1.929.000;154-158;3;4-5;2
Avenida Americano do Brasil;R$ 3.270.000;252;3;4;3
;R$ 426.900;34;1;1;0
Rua 148;R$ 4.000.000;441;4;4;4
Rua 1141;R$ 4.490.000;344;3;4;4
Rua 1123;R$ 950.000;111;3;4;0
Rua 1124;R$ 2.500.000;182;3;4;3
Rua 1145;R$ 3.100.000;244;3;5;3
Rua 13;R$ 2.780.000;311;4;6;3
Rua 36;R$ 1.980.000;162;3;1;3
Rua 1141;R$ 3.100.000;232;4;6;3
Rua 1141;R$ 3.548.516;350;4;6;4
Rua 24;R$ 2.070.000;160;3;5;3
Rua 1127;R$ 4.870.000;352;4;6;4
Alameda Ricardo Paranhos;R$ 7.500.000;415;4;5;4
Rua 9;R$ 4.450.000;326;4;4;4
Rua 1141;R$ 1.180.000;111;3;2;2
Alameda Doutor Sebastião Fleury;R$ 6.000.000;411;4;4;4
Rua 1141;R$ 2.290.000;221;4;6;3
Alameda Coronel Joaquim de Bastos;R$ 3.300.000;244;3;6;3
Rua 1141;R$ 2.419.000;256;4;6;3
Rua 36;R$ 4.170.000;326;4;4;4
;R$ 885.984;87;3;2;1
Rua 13;R$ 2.250.000;201;4;5;3
Rua 13;R$ 2.695.000;226;4;6;3
Rua 146;R$ 950.000;95;3;4;2
;R$ 2.723.642;240;3;4;3
Rua Amélia Artiaga Jardim;R$ 888.167;84-86;3;1-4;1
Rua 135;R$ 2.300.000;217;4;4;3-4
Rua 1141;R$ 4.480.339;349;4;6;4
Alameda Ricardo Paranhos;R$ 4.157.484;340;4;5;4
Rua 1141;R$ 2.000.000;254;4;6;3
Rua 13;R$ 2.150.000;242;3;4;3
Rua 27;R$ 1.530.000;150;3;4;3
Rua 148;R$ 2.350.000;207;4;6;3
Rua 138;R$ 2.170.000;271;4;4;3
Rua 13;R$ 2.290.000;198;4;6;4
Rua 1141;R$ 2.650.000;261;4;5;4
Rua 146;R$ 3.100.000;270;4;5;3
Rua 145;R$ 1.100.000;130;3;4;3
Alameda Doutor Sebastião Fleury;R$ 7.173.300;411;4;6;5
Alameda Ricardo Paranhos;R$ 2.700.000;265;4;6;4
Rua 1124;R$ 1.490.000;157;3;5;2
;R$ 2.350.000;216;3;3;3
;R$ 1.479.000;158;3;4;3
Rua 148;R$ 2.100.000;208;3;4;3
Rua 1128;R$ 1.238.930;104;3;4;2
Rua 1141;R$ 2.077.134;227;3;3;3
Rua 1128;R$ 3.761.535;326;4;6;4
Rua 30;R$ 2.865.000;235-236;3-4;5-6;0-3
Rua 1138;R$ 3.599.000;287;4;5-6;3-4
Rua 1141;R$ 2.968.413;259;4;6;3
Rua 143;R$ 1.100.000;115;3;1;2
Rua 1141;R$ 660.000;68;2;1;1
Rua 138;R$ 1.750.000;215;4;6;3
Rua 1141;R$ 1.100.000;111;3;1;2
Rua 1128;R$ 661.600;64;1;1;1
Alameda Coronel Eugênio Jardim;R$ 5.100.000;359;3;5;4
Avenida Americano do Brasil;R$ 2.200.000;209;3;4;3
;R$ 3.200.000;303;4;6;4
Alameda Doutor Sebastião Fleury;R$ 12.000.000;642;4;6;7
;R$ 2.577.038;235;3;4;3
Alameda Coronel Joaquim de Bastos;R$ 3.300.000;245;3;5;3
Rua 146;R$ 2.568.341;206;3;4;3
Rua 1121;R$ 2.653.875;220;3;4;0
Rua 38;R$ 2.700.000;226;3;4;3
Rua 138;R$ 1.500.000;165;3;4;2
Rua 148;R$ 1.990.000;242;4;1;3
Rua 135;R$ 2.149.000;216;4;6;3
Rua 1128;R$ 1.120.600;96;2;2;1
Rua 143;R$ 990.000;115;3;1;2
Rua 13;R$ 2.895.000;239;4;6;3
Avenida Americano do Brasil;R$ 2.200.000;208;3;5;20
Avenida D;R$ 1.055.000;120;3;1;2
Rua 1141;R$ 2.160.000;263;3;4;2
;R$ 4.414.578;264;4;6;0
Rua 1123;R$ 860.000;89;3;1;2
Rua 32;R$ 6.221.071;523;4;5;4
Rua 36;R$ 2.435.000;206;4;6;3
Rua 1125;R$ 3.370.964;266;3;4;3
Rua 148;R$ 3.400.000;321;4;5;4
;R$ 2.960.000;251;4;5;4
Rua Mário Bittar;R$ 2.400.000;210;4;4;4
Rua 38;R$ 2.999.900;244;4;4;3
Rua 138;R$ 2.190.000;217;4;5;3
Rua 36;R$ 4.300.000;327;4;5;4
Rua 1141;R$ 2.500.000;221;4;4;3
Rua 1128;R$ 1.480.070;139;3;4;2
Alameda Coronel Eugênio Jardim;R$ 2.850.000;244;3;5;3
;R$ 4.200.000;306;4;5;5
Rua 36;R$ 4.170.000;327;4;1;4
Rua 146;R$ 3.800.000;271;4;5;3
Rua 138;R$ 2.165.000;217-218;4;4-5;3
;R$ 400.000;31;1;1;1
Rua 13;R$ 2.550.000;226;4;5;3
Rua 148;R$ 2.350.000;207;4;1;3
Rua 90;R$ 2.475.000;225;4;6;3
Rua 36;R$ 2.440.000;206;3;5;3
Rua 1141;R$ 2.090.000;227;4;6;3
Rua 1138;R$ 3.990.000;287;4;5-6;3-4
Rua 1138;R$ 8.000.000;612;5;6;6
Rua 1138;R$ 3.237.500;259;4;3;4
Rua 138;R$ 799.000;87;2;3;1
Rua 148;R$ 3.700.000;260;4;6;3
Avenida 85;R$ 1.490.000;157;2;2;2
Rua 1124;R$ 2.500.000;182;3;5;3
Rua 34-A;R$ 2.800.000;241;4;6;3
Alameda Coronel Eugênio Jardim;R$ 3.745.000;271;4;6;4
Rua 1141;R$ 2.180.000;256;4;5;4
Rua 146;R$ 2.291.032;267;4;4;2
Rua 1122;R$ 6.211.460;393;4;5;5
Rua 135;R$ 1.268.429;108;2;3;0
Rua 1138;R$ 1.131.130;121;3;4;2
Alameda Doutor Sebastião Fleury;R$ 3.200.000;265;4;6;3
;R$ 2.100.000;254;4;6;4
Rua 1121;R$ 1.810.300;153;3;5;3
Rua 145;R$ 1.395.000;138;3;1;2
Rua 146;R$ 3.380.000;270;4;6;3
Rua 148;R$ 3.820.000;264;4;5;3
Rua 146;R$ 2.090.000;219;4;6;3
Rua 30;R$ 3.000.000;237;3;5;0
Avenida República do Líbano;R$ 2.190.000;158;3;4;3
Rua 13;R$ 2.633.268;220;3;3;3
Rua 147;R$ 1.102.170;115;3;4;2
Rua 1121;R$ 1.810.150;153;3;5;3
Rua 36;R$ 2.350.000;228;4;4;2
Rua 28;R$ 5.890.000;560;5;6;6
Rua 1141;R$ 3.100.000;232;4;4;3
Rua 1141;R$ 1.950.000;227;4;5;3
Rua 1141;R$ 2.290.000;221;4;5;4
Rua 1141;R$ 2.200.000;256;4;1;4
Rua 15;R$ 2.600.000;260;4;5;2
Rua 1141;R$ 2.500.000;233;4;5;3
Rua 34;R$ 1.670.000;175;3;1;3
Rua Amélia Artiaga Jardim;R$ 570.000;49;1;1;1
Avenida D;R$ 630.000;39;1;2;0
Rua 145;R$ 1.890.000;150;3;1;2
;R$ 3.300.000;245;3;5;4
Rua 148;R$ 3.450.000;320;4;6;5
Rua 145;R$ 1.395.000;133;3;3;3
Alameda Coronel Eugênio Jardim;R$ 3.400.000;244;3;4;3
Alameda Doutor Sebastião Fleury;R$ 7.000.000;411;4;6;4
Alameda Doutor Sebastião Fleury;R$ 7.109.200;411-412;4;6;4
Alameda Doutor Sebastião Fleury;R$ 2.200.000;182;3;4;3
Rua Amélia Artiaga Jardim;R$ 3.180.000;261;4;6;4
Rua 143;R$ 1.069.140;114;3;3;2
Rua 1141;R$ 2.320.000;256;4;4;0
Rua 38;R$ 1.600.000;130;3;1;2
;R$ 2.170.523;217;4;6;3
Rua 135;R$ 3.280.000;278;3;4;2
Alameda Ricardo Paranhos;R$ 3.439.768;315;3;2;3
Rua 1141;R$ 2.999.000;299;4;5;4
Rua 1141;R$ 1.995.000;256;4;5;3
;R$ 4.307.594;349;4;5;4
Rua 24;R$ 1.750.000;160;3;4;3
Alameda Doutor Sebastião Fleury;R$ 5.990.000;411-412;4;4-6;4-5
Rua 1141;R$ 2.600.000;256;4;6;4
Rua 32;R$ 2.650.000;260;4;5;3
Rua 1141;R$ 2.149.000;216;4;5;3
Rua 148;R$ 2.999.000;214;3;5;3
Rua 1141;R$ 1.290.000;111;3;1;2
Alameda Coronel Eugênio Jardim;R$ 4.000.000;410;4;5;4
Rua 1141;R$ 2.290.000;221-222;4;4-6;0-4
Rua T 55;R$ 429.000;34;1;1;1
Rua Amélia Artiaga Jardim;R$ 2.700.000;265;4;6;4
Rua 138;R$ 2.188.000;217;4;5;3
Rua 1128;R$ 1.690.000;162;3;5;3
Rua 1141;R$ 2.100.000;227;4;5;3
Alameda Doutor Sebastião Fleury;R$ 6.995.000;412;4;5;4
;R$ 2.380.000;256;4;5;3
Rua 36;R$ 3.099.990;240;4;6;3
Alameda Ricardo Paranhos;R$ 6.600.000;413;4;5;4
Rua 1141;R$ 2.900.000;344;4;6;4
Rua Amélia Artiaga Jardim;R$ 2.980.000;260;4;4;4
Rua 138;R$ 1.750.000;214;4;5;3
Rua 25;R$ 1.300.000;157;3;1;3
Rua 135;R$ 2.150.000;200;4;1;2
Alameda Coronel Eugênio Jardim;R$ 4.800.000;370;4;6;4
Rua 1129;R$ 3.876.000;245;4;6;3
Rua 1124;R$ 2.050.000;157;3;4;2
Rua 1124;R$ 1.300.000;125;3;4;3
Rua 1124;R$ 1.939.270;157;3;4;2
Avenida T 9;R$ 2.650.000;469;6;6;4
Rua 36;R$ 2.360.000;206;4;5;3
Rua 1141;R$ 3.850.000;295;4;4;4
;R$ 1.680.000;115;3;5;2
Viela 1140;R$ 815.000;781;2;3;0
Rua 36;R$ 2.590.000;244;3;5;3
Rua 1124;R$ 1.852.820;157;3;4;2
Rua 30;R$ 3.229.753;205;3;4;3
Rua 1128;R$ 1.590.000;162;3;3;2
Rua 137-A;R$ 920.000;105;2;2;2
Rua 1126;R$ 3.780.000;244;4;6;3
Rua 1138;R$ 3.010.526;259;4;6;3
Rua 146;R$ 1.870.000;140;3;5;2
Rua 138;R$ 1.110.410;109;3;4;2
Rua 38;R$ 1.299.000;139;3;4;0
Rua 1141;R$ 2.509.000;256;4;5;3
Rua 1122;R$ 4.328.000;320;3;6;4
Rua 1141;R$ 3.490.000;436;3;3;4
Rua 138;R$ 1.115.630;109;3;4;2
Rua 1141;R$ 2.250.000;198;4;5;3
Rua 13;R$ 3.999.990;324;4;6;5
Rua 1128;R$ 1.700.000;162;3;5;2
Rua 1141;R$ 2.000.000;232;4;6;3
Rua 24;R$ 908.000;82;3;2;1
Alameda Ricardo Paranhos;R$ 3.276.000;250;4;4;3
Avenida D;R$ 1.529.590;124;3;4;2
Rua 1141;R$ 1.990.000;256;4;5;3
Alameda Coronel Eugênio Jardim;R$ 4.200.000;267;4;4;4
Rua 1138;R$ 2.238.000;194;3;3;0
Rua 1141;R$ 2.290.000;224;4;6;4
Rua 34-A;R$ 2.390.000;206;3-4;4-6;3-4
Alameda Ricardo Paranhos;R$ 4.215.359;298;3;4;4
Rua 1126;R$ 3.950.000;244;4;4;3
;R$ 820.000;86;2;3;1
Alameda Doutor Sebastião Fleury;R$ 6.099.000;412;5;5;5
Rua 146;R$ 1.354.610;137;3;3;2
Rua 135;R$ 2.290.000;216-217;4;5-6;3
Rua 138;R$ 2.170.000;217;3;5;3
Rua 38;R$ 1.300.000;129;3;5;2
Rua 1138;R$ 7.500.000;612;5;3;6
Avenida Mutirão;R$ 2.140.000;184;3;4;3
Rua Amélia Artiaga Jardim;R$ 2.600.000;265;4;5;4
Rua 1138;R$ 7.500.000;613;5;7;6
Rua 1141;R$ 2.291.643;228;4;5;3
Alameda Ricardo Paranhos;R$ 6.299.999;413;4;6;4
Rua 148;R$ 4.453.000;404;4;6;4
Rua 13;R$ 2.270.100;190;3;5;3
Rua 36;R$ 2.905.780;240;4;5;3
;R$ 2.149.000;216;4;4;3
Rua 1141;R$ 3.600.000;435;3;5;4
Rua 1124;R$ 2.184.960;157;3;4;2
Rua Amélia Artiaga Jardim;R$ 1.900.000;265;4;1;4
Rua 38;R$ 2.550.000;226;4;5;3
Rua Amélia Artiaga Jardim;R$ 2.200.000;264;4;5;4
;R$ 5.951.000;414;4;6;4
Alameda Coronel Eugênio Jardim;R$ 3.300.000;244;3;4;3
Rua 1141;R$ 2.500.000;233;4;4;3
Rua 30;R$ 2.050.460;167;3;4;2
Rua 146;R$ 2.045.470;171;4;5;2
Rua 1138;R$ 2.700.000;294;3;4;4
Rua 1141;R$ 1.890.000;217;4;6;4
Rua 146;R$ 1.550.000;160;3;4;2
;R$ 3.106.000;206;4;6;4
Rua 148;R$ 3.023.480;221;4;5;4
Rua 147;R$ 1.320.000;115;3;4;2
Rua 1141;R$ 2.200.000;234;4;6;4
Rua 1129;R$ 4.200.000;284;4;4;4
Rua 1126;R$ 3.299.000;288;4;5;4
Rua 15;R$ 1.409.813;121;3;4;2
Rua 135;R$ 2.350.000;217;3;5;3
Rua 36;R$ 2.350.000;228;4;3;2
Rua Mário Bittar;R$ 1.650.000;176;4;6;3
;R$ 3.490.000;436;3;3;4
;R$ 989.000;105;3;4;2
Rua 1141;R$ 983.280;87;3;4;1
Rua 36;R$ 4.300.000;326;4;5;4
Rua 1121;R$ 1.479.580;147;3;4;2
Rua 1138;R$ 7.956.000;612;5;6;6
Rua 34;R$ 1.800.000;175;3;4;3
Rua 13;R$ 5.100.000;355;3;5;4
Rua 148;R$ 1.990.000;242;4;5-6;3
Rua 1128;R$ 1.639.390;149;3;4;2
Alameda Coronel Eugênio Jardim;R$ 3.299.999;240;3;6;4
Rua 145;R$ 370.000;31;1;1;1
Rua 145;R$ 455.000;42;1;1;1
Rua 1141;R$ 2.228.000;190;3;4;0
Rua 1141;R$ 2.520.562;299;3;4;4
Alameda Doutor Sebastião Fleury;R$ 6.000.000;411;4;6;5
Rua Amélia Artiaga Jardim;R$ 2.200.000;260;4;5;3
;R$ 2.200.000;208;3;1;3
Alameda Coronel Eugênio Jardim;R$ 4.985.000;359;4;6;4
Rua 13;R$ 2.500.000;233;3;5;3
Rua 1141;R$ 2.250.000;227;4;5;3
Rua Mário Bittar;R$ 899.000;100;3;4-5;2
Rua 1141;R$ 2.020.000;227;4;2;3
Rua 138;R$ 2.350.000;217;4;5;3
;R$ 4.200.000;245;4;4;3
;R$ 2.590.000;224;4;5;3
Rua 1141;R$ 2.199.000;256;4;1;3
Rua 1126;R$ 7.948.260;470;4;5;3
Avenida D;R$ 1.530.420;124;3;4;2
Rua 1128;R$ 1.550.000;162;3;5;3
;R$ 1.814.844;162;3;5;2
Rua 135;R$ 1.690.000;159;3;5;2
Alameda Coronel Eugênio Jardim;R$ 4.233.650;293;4;5;4
;R$ 3.036.524;299;4;6;4
Rua 34;R$ 1.670.000;175;3;4;3
Rua 148;R$ 4.305.000;287;4;5;4
Alameda Ricardo Paranhos;R$ 3.200.000;265;3;5;4
Rua 147;R$ 1.056.010;115;3;4;2
Rua 30;R$ 2.050.000;167-170;3;3-4;0-3
Rua 1141;R$ 2.620.000;261;4;6;4
Avenida Americano do Brasil;R$ 2.090.000;252;4;6;3
Rua 36;R$ 2.050.000;162;3;5;2
Rua 135;R$ 3.280.000;278;3;5;3
Rua T 53;R$ 4.393.008;262;3;4;3
Rua 148;R$ 4.299.990;326;4;6;4
Rua 138;R$ 2.170.630;217;4;4;3
Rua 32;R$ 2.655.000;290;4;6;3
Rua 145;R$ 1.350.000;162;3;4;2
Rua 13;R$ 2.257.250;198;3;4;3
Rua 1141;R$ 1.350.000;120;3;1;2
Rua 1141;R$ 2.400.000;261;4;5;4
Rua 1141;R$ 3.099.990;232;4;6;3
Rua 1141;R$ 1.290.000;111;3;5;2
Rua 135;R$ 3.280.000;278;3;4;3
Rua 25;R$ 1.750.000;158;3;4;3
Alameda Coronel Eugênio Jardim;R$ 4.850.000;499;6;6;4
Rua 135;R$ 2.268.000;217;4;5;3
Rua 1141;R$ 2.400.000;254;4;6;0
Rua 148;R$ 4.200.000;320;4;4;5
Rua 1141;R$ 820.000;72;2;1;1
Rua 1141;R$ 3.100.000;232;4;5;3
Rua 9;R$ 2.990.000;247;4;5;0
Rua 30;R$ 2.897.622;248;3;3;0
Rua 137-A;R$ 820.000;87;2;4;1
Rua 13;R$ 2.600.000;244;3;3;0
Rua 1128;R$ 1.670.000;167;3;5;3
Rua 148;R$ 5.800.000;323;4;6;4
Rua 146;R$ 1.230.000;126;3;4;2
Rua 1128;R$ 1.374.070;116;3;3;2
Alameda Coronel Eugênio Jardim;R$ 4.300.000;365;4;5;4
Avenida 136;R$ 2.000.000;420;4;7;4
Rua 28;R$ 4.999.000;561;4;7;5
Rua 34;R$ 2.100.000;170;3;2;0
Rua 145;R$ 1.350.000;165;3;4;2
Rua 145;R$ 1.835.000;150;3;4;2
;R$ 3.082.000;240;4;6;3
Rua 135;R$ 1.699.000;179;3;5;3
;R$ 3.014.157;260;4;4;2
Rua 1141;R$ 3.485.000;390;3;6;4
Rua 135;R$ 2.100.000;199;3;5;3
;R$ 2.310.000;217;4;5;3
;R$ 1.990.000;210;4;6;4
Rua 1133;R$ 1.580.000;145;3;4;3
Rua 138;R$ 2.172.780;217;4;5;3
Rua 36;R$ 2.300.000;225;4;6;4
Rua 145;R$ 1.395.000;131;3;2;3
Rua Amélia Artiaga Jardim;R$ 3.180.000;260;3;4;4
Rua 34;R$ 3.400.000;404;4;6;4
Alameda Coronel Eugênio Jardim;R$ 5.530.503;293;3;4;4
Rua 1141;R$ 2.420.070;256;4;6;3
Rua 1121;R$ 2.200.000;291;3;2;2
Rua 135;R$ 2.300.000;217;4;5;3
Rua 1127;R$ 3.425.610;265;3;4;3
Rua Amélia Artiaga Jardim;R$ 3.180.000;260;4;3;4
Rua 13;R$ 2.694.000;209;3;5;3
;R$ 2.500.000;217;4;6;3
;R$ 2.549.000;529;4;4;0
;R$ 2.273.000;227;4;5;3
Rua 135;R$ 2.200.000;182;3;5;3
Alameda Coronel Eugênio Jardim;R$ 4.090.000;300;3;4;4
Alameda Doutor Sebastião Fleury;R$ 6.000.000;412;4;1;5
Rua 23-A;R$ 2.000.000;328;4;4;4
Alameda Ricardo Paranhos;R$ 3.300.000;265;3;5;4
Rua 1123;R$ 930.000;87-90;3;2-4;0-2
Rua 38;R$ 4.238.640;353;4;5;0
Rua 1128;R$ 1.650.000;162;3;5;3
Rua 138;R$ 823.160;76;2;3;1
Rua 137-A;R$ 799.000;86;2;2;1
Rua 135;R$ 1.890.000;179;3;6;3
Rua 38;R$ 3.699.440;266;3;5;3
Rua 24;R$ 908.000;82;2;2;1
Rua 28;R$ 6.658.330;560;3;5;4
Rua 1123;R$ 945.000;90;3;2;2
Viela 1140;R$ 820.000;70;2;3;1
Rua 1138;R$ 3.184.210;259;4;6;4
Alameda Doutor Sebastião Fleury;R$ 7.137.439;411;4;5;4
Rua 148;R$ 1.950.000;242;3;4;3
Alameda Coronel Eugênio Jardim;R$ 5.012.794;354;3;5;4
Rua 138;R$ 1.900.000;218;4;6;3
Rua 1141;R$ 2.100.000;256;4;5;4
Rua 38;R$ 2.865.190;226;3;4;3
Rua 15;R$ 1.401.280;122;3;4;2
Rua 148;R$ 4.212.000;324;3;4;4
Alameda Coronel Eugênio Jardim;R$ 3.100.000;244;3;4;0
Rua 24;R$ 1.790.000;157;3;3;3
Rua 1141;R$ 2.300.000;227;4;5;3
Rua 135;R$ 2.700.000;184;3;5;0-3
Alameda Coronel Eugênio Jardim;R$ 3.710.881;266;4;4;4
;R$ 6.767.146;560;5;8;0
Rua 1141;R$ 3.289.740;227;3;4;3
Rua 36;R$ 7.500.000;404;4;2;4
Rua 145;R$ 1.750.000;150;3;4;2
Rua 1141;R$ 2.299.999;224;4;5-6;4
Alameda Coronel Eugênio Jardim;R$ 4.970.000;365;4;6;4
Rua 1141;R$ 2.280.000;227;3;1;3
Rua 148;R$ 2.150.000;242;4;4;3
Avenida D;R$ 1.260.360;106;3;4;2
Rua 1141;R$ 2.500.000;227;3;5;3
Rua 1128;R$ 1.359.360;116-120;3;4-5;2
Rua 148;R$ 4.500.000;323;3;5;4
Rua 24;R$ 1.780.000;160;3;3;3
Alameda Coronel Eugênio Jardim;R$ 5.387.859;412;3;5;4
Rua 138;R$ 823.740;76;2;3;1
Rua 34;R$ 1.890.000;212;4;5;3
Alameda Doutor Sebastião Fleury;R$ 5.750.000;411;4;6;5
Rua 1141;R$ 2.420.660;256;4;5;4
Rua 146;R$ 2.008.640;171;3;5;3
Avenida 136;R$ 750.053;74;2;3;1
Rua 148;R$ 3.650.000;411;4;5;4
Rua 1141;R$ 2.100.000;256;4;5;2
Rua 1141;R$ 3.599.780;344;4;6;4
Rua 24;R$ 1.890.000;160;3;3;3
Alameda Doutor Sebastião Fleury;R$ 6.000.000;412;4;4;0
Rua 1141;R$ 2.420.780;256;4;5;3
Rua 32;R$ 2.780.935;260;4;5;3
Rua 13;R$ 2.494.290;220;4;6;3
Rua 1138;R$ 3.200.710;259;4;6;4
Rua 1138;R$ 3.690.000;287;4;5;4
Avenida D;R$ 1.050.000;78;2;3;1
Rua 1141;R$ 3.304.548;333;3;3;4
Rua 32;R$ 2.834.000;260;4;5;3
Rua 135;R$ 1.499.990;159;4;4;2
Rua 1141;R$ 4.480.120;344;4;6;4
Alameda Doutor Sebastião Fleury;R$ 7.200.000;412;4;5;4
Avenida D;R$ 400.000;28;1;1;0
Rua 1141;R$ 2.350.000;256;4;4;3
Rua 148;R$ 3.650.000;411;4;5-7;4
Avenida T 9;R$ 2.650.000;500;5;6;4
Rua 38;R$ 6.903.480;484;4;5;6
Rua 1141;R$ 3.900.000;351;4;4;4
Rua 1121;R$ 2.860.000;254;4;1;3
;R$ 3.120.000;270;4;5;3
Rua 1141;R$ 990.000;72;2;1;1
Rua 1141;R$ 3.490.000;436;3;1;4
Rua 143;R$ 1.350.000;115;3;4;2
Rua T 53;R$ 989.060;79;2;2;1
Rua 1124;R$ 1.050.000;10;3;4;2
Rua 38;R$ 4.385.110;270;3;5;3
;R$ 2.419.000;260;4;6;3
Rua 1141;R$ 1.855.791;174;3;4;2
Rua 1141;R$ 2.050.000;254;4;6;3
Rua 1123;R$ 690.000;62;2;1;1
Avenida D;R$ 2.400.000;310;3;3;4
;R$ 7.524.000;684;4;6;5
Avenida D;R$ 865.710;79;2;3;1
Rua Amélia Artiaga Jardim;R$ 3.100.000;265;3;4;4
Rua 1124;R$ 2.162.258;158;3;4;3
Rua 1141;R$ 2.350.000;256;4;5;3
Rua 38;R$ 3.644.380;266;4;6;3
Rua 1141;R$ 2.290.000;264;4;5;5
Rua 1141;R$ 3.200.000;256;4;5;3-4
Rua T 53;R$ 8.954.160;544;4;6;6
Rua 135;R$ 2.200.000;182;3;4;0
Rua 1141;R$ 1.900.000;228;4;2;3
Rua 137;R$ 820.000;86;3;2;1
Rua 1138;R$ 2.271.180;194;3;4;3
Rua 38;R$ 2.990.000;226;4;5;3
Rua Amélia Artiaga Jardim;R$ 2.900.000;260;4;5;4
Alameda Doutor Sebastião Fleury;R$ 5.200.000;404;5;1;6
Rua T 53;R$ 8.609.423;509;4;5;5
Rua 1124;R$ 1.975.800;157;3;4;2
Rua 1138;R$ 2.270.720;194;3;4;3
Rua 1141;R$ 3.499.740;333;3;6;4
Rua 1123;R$ 790.000;73;2;3;0
Rua 1126;R$ 4.050.670;244;4;5;3
Rua 1141;R$ 3.950.000;299;3;1;4
Rua 1128;R$ 1.370.690;116;3;4;2
Rua 1124;R$ 2.500.000;182;3;8;3
Rua 148;R$ 3.613.200;200;4;1;3
Alameda Ricardo Paranhos;R$ 3.250.000;265;3;6;4
Rua 1141;R$ 4.803.000;354;4;1;4
;R$ 2.834.489;260;4;6;3
Rua 1141;R$ 1.149.740;111;2;3;2
Rua 148;R$ 3.900.000;320;4;6;6
Rua 24;R$ 847.550;82;2;3;1
Alameda Doutor Sebastião Fleury;R$ 6.000.000;412;4;4;5
Rua 1141;R$ 2.250.000;267;4;4;3
Alameda Ricardo Paranhos;R$ 3.200.000;265;4;6;0
Alameda Coronel Eugênio Jardim;R$ 4.220.730;293;4;6;4
Alameda Ricardo Paranhos;R$ 500.540;42;2;2;1
Rua T 53;R$ 8.728.938;538;4;6;6
Rua Amélia Artiaga Jardim;R$ 3.179.000;261;4;6;4
Rua 38;R$ 2.860.370;226;3;4;3
;R$ 7.103.000;411;3;5;4
Rua 135;R$ 1.550.000;159;5;5;0
Rua 38;R$ 4.244.770;269;3;5;3
Rua 1128;R$ 1.550.000;162;3;5;2
;R$ 1.900.000;160;3;4;3
Alameda Doutor Sebastião Fleury;R$ 6.990.000;411-412;4;5-6;4
;R$ 5.029.041;560;6;9;5
Rua 146;R$ 1.560.000;137;3;5;2
Rua 1126;R$ 4.019.980;244;3;3;3
Alameda Doutor Sebastião Fleury;R$ 7.040.000;412;4;4;4
Rua 1141;R$ 830.000;72;2;3;1
Rua 148;R$ 3.613.200;260;4;1;3
Rua Amélia Artiaga Jardim;R$ 2.499.999;265;4;6;4
Rua 147;R$ 1.370.000;115;3;6;2
Alameda Ricardo Paranhos;R$ 1.020.462;96;2;2;0
Avenida D;R$ 1.260.580;106;3;4;2
Rua 135;R$ 650.000;50;1;1;1
Rua 38;R$ 3.497.481;272;4;1;3
Rua 1126;R$ 8.035.000;471;4;7;3
Rua 1122;R$ 3.787.836;265;4;6;4
Rua 1141;R$ 2.500.000;256;4;5;4
Rua 146;R$ 3.600.000;271;4;5;0
Rua 1121;R$ 2.994.000;260;4;2;3
Rua 148;R$ 4.790.000;404;5;6;6
Rua 1138;R$ 3.289.300;259;4;4;0
Rua 139;R$ 2.100.000;242;4;1;3
Rua Mário Bittar;R$ 880.000;99;3;1;2
Rua 146;R$ 2.050.070;165;3;4;2
Rua 1138;R$ 3.990.000;298;3;4-5;4
Rua 1141;R$ 3.390.000;436;4;5;4
;R$ 3.493.000;267;4;6;3
Rua 135;R$ 1.250.000;120;3;4;2
Rua 1128;R$ 1.200.000;104;3;4;2
Rua 38;R$ 1.100.000;129;3;4;2
Rua Amélia Artiaga Jardim;R$ 2.980.000;260;3;5;4
Rua 1138;R$ 3.250.000;294;4;3;0
Rua 36;R$ 2.915.490;240;4;6;4
Rua 36;R$ 2.244.400;162;3;4;3
Rua 1123;R$ 1.210.660;110;3;4;2
Rua 145;R$ 335.000;32;1;1;1
Rua T 53;R$ 8.860.000;308;4;4;3
Rua 135;R$ 1.269.120;108;3;4;2
Rua 135;R$ 2.349.320;216;3;4;3
Avenida;R$ 1.100.000;226;4;2;6
Rua 1128;R$ 1.039.000;105;3;4;2
Rua 135;R$ 1.989.120;178;3;4;3
Rua 1128;R$ 1.790.650;149;3;4;3
Rua Amélia Artiaga Jardim;R$ 2.200.000;264;4;6;4
Rua 145;R$ 1.395.000;131;3;2;2
Rua 146;R$ 1.365.000;115;3;4;2
Rua 135A;R$ 1.990.000;178;3;4;3
Rua 1125;R$ 1.190.000;111;3;4;2
Rua 137-A;R$ 889.180;86;2;3;2
Rua 146;R$ 1.220.230;137;3;3;2
Rua 146;R$ 1.300.000;140;3;1;2
Rua 1141;R$ 2.500.000;233;4;6;3
Rua 135;R$ 1.450.000;122;3;3;2
Rua 1127;R$ 1.890.000;179;3;4;3
;R$ 6.300.000;412;4;5;5
Rua Amélia Artiaga Jardim;R$ 2.500.000;265;4;6;4
Rua 1136;R$ 460.000;46;1;1;1
Rua Amélia Artiaga Jardim;R$ 3.400.000;265;3;4;4
Rua 1141;R$ 3.199.030;299;3;5;4
Rua Amélia Artiaga Jardim;R$ 3.179.999;261;4;6;4
Rua T 55;R$ 842.330;79;2;3;1
Rua 1128;R$ 1.197.490;104;3;4;2
Rua 1124;R$ 2.185.070;157;3;4;2
Rua 138;R$ 2.211.730;217;4;6;3
Rua 32;R$ 2.759.020;220;3;4;3
Rua Mário Bittar;R$ 2.610.600;217;3;5;3
Rua 145;R$ 1.850.000;150;3;4;2
Rua 1128;R$ 2.000.000;167;3;4;2
Rua 143;R$ 1.300.000;127;3;4;2
Rua 1138;R$ 2.270.220;194;3;5;3
Rua 1123;R$ 1.490.000;127;3;4;2
Rua 145;R$ 1.950.000;153;3;3;2
Alameda Doutor Sebastião Fleury;R$ 7.000.000;412;4;6;4
Rua 38;R$ 3.716.000;270;3;5;3
Rua 145;R$ 1.750.000;150;3;3;2
Rua 1141;R$ 2.497.000;227;4;6;3
Rua 135;R$ 1.500.000;159;4;4;2
Rua 13;R$ 4.462.000;267;4;5;4
Rua 1128;R$ 1.669.730;167;3;4;3
Rua 13;R$ 2.639.400;207;3;4;3
Rua 36;R$ 2.350.000;225;4;4;3
Rua 32;R$ 2.844.230;260;4;6;3
;R$ 2.000.000;469;6;5;4
Alameda Doutor Sebastião Fleury;R$ 7.139.770;411;4;6;4
Rua 1123;R$ 1.400.000;113;3;5;2
Rua 1123;R$ 1.400.000;113;3;3;2
Rua 1141;R$ 3.036.523;299;3;4;4
Rua 145;R$ 1.730.000;151;3;5;2
Rua 1141;R$ 880.000;72;2;3;1
Rua 147;R$ 1.367.000;115;3;4;3
Rua 1141;R$ 3.850.000;299;5;6;0
Rua 1121;R$ 3.025.844;248;4;4;4
Rua 1128;R$ 937.400;80;3;3;1
Rua 135;R$ 2.149.000;216;4;6;21
Rua Mário Bittar;R$ 1.800.000;176;4;5;3
Rua 143;R$ 980.000;115;3;5;0
Rua 135;R$ 1.580.000;159;3;4;3
Rua 36;R$ 3.120.650;240;4;6;3
Rua 138;R$ 1.079.540;92;2;2;1
;R$ 1.490.000;334;4;1;3
Rua 1128;R$ 1.050.000;105;3;1;2
Rua 146;R$ 1.289.080;137;3;4;2
Rua 1128;R$ 1.179.970;116;3;4;2
Alameda Coronel Eugênio Jardim;R$ 4.220.510;293;4;6;4
Rua 30;R$ 1.750.002;152;3;4;2
Rua 1128;R$ 1.100.000;104;3;4;2
Rua 135;R$ 2.148.100;216;4;4;3
Rua 13;R$ 2.766.000;226;4;1;3
Rua 24;R$ 1.799.909;167;3;5;16
Rua 1141;R$ 2.170.000;186;3;4;2
Alameda Coronel Eugênio Jardim;R$ 2.900.000;244;3;4;4
Rua 148;R$ 3.649.500;411;4;6;4
Rua 32;R$ 2.959.470;220;4;5;3
Rua 1123;R$ 1.400.000;110;3;2;2
Rua 32;R$ 2.780.660;260;4;6;3
Rua 32;R$ 2.780.050;260;4;6;3
Rua 32;R$ 2.780.650;260;4;6;3
Rua 32;R$ 2.799.190;220;4;5;4
Rua 1128;R$ 1.739.440;149;3;4;3
Rua 147;R$ 1.206.000;115;3;4;1
Rua 13;R$ 2.404.433;211;4;6;3
Rua 30;R$ 2.781.340;211;3;5;3
Alameda Ricardo Paranhos;R$ 3.200.000;265;3;4;4
Rua 1128;R$ 1.100.000;10;3;4;2
Rua 1128;R$ 1.739.100;149;3;4;2
Rua 1127;R$ 3.390.000;265;4;6;3
Rua 1127;R$ 3.299.999;265;4;6;3
Alameda Ricardo Paranhos;R$ 3.357.310;248;3;5;3
Rua 138;R$ 2.195.350;217;4;5;3
Rua Mário Bittar;R$ 2.609.980;217;4;4;3
Avenida 136;R$ 2.100.000;285;4;4;3
Rua 1138;R$ 2.272.250;194;3;4;3
Rua 24;R$ 1.240.670;119;3;4;2
Rua 30;R$ 2.570.630;205;4;5;3
Alameda Ricardo Paranhos;R$ 4.220.280;302;4;6;4
Rua 1131;R$ 2.190.000;210;4;5;4
Rua 36;R$ 2.592.110;206;4;5;3
Rua 1138;R$ 3.019.490;259;3;4;2
Rua 1128;R$ 899.680;73;2;2;1
Rua Mário Bittar;R$ 2.610.380;217;3;4;3
Rua 1141;R$ 1.952.680;186;3;4;2
Rua 1123;R$ 1.290.000;110;3;4;2
Rua 145;R$ 990.000;135;3;1;3
Rua 146;R$ 1.900.000;150;3;4;2
Rua 25;R$ 1.680.000;158;3;4;3
Rua 1141;R$ 2.490.000;233;4;6;3
Rua 145;R$ 1.800.000;150;3;5;3
Rua 1141;R$ 1.600.000;177;3;5;3
Rua 1123;R$ 1.250.000;130;3;4;2
Rua 135;R$ 1.350.000;121;3;1;2
Rua 1138;R$ 3.099.690;259;4;5;4
Rua 1128;R$ 890.000;80;3;3;1
Rua 1128;R$ 1.680.000;162;3;5;3
Rua 1123;R$ 1.100.000;111;3;3;2
Rua T 53;R$ 399.000;45;1;1;1
Rua 1141;R$ 1.160.000;112;3;5;2
Rua 13;R$ 2.600.000;244;3;3;3
Rua 135;R$ 1.880.000;178;3;5;3
Rua 138;R$ 2.195.380;217;3;4;3
Rua 32;R$ 2.799.740;260;4;6;3
Avenida Mutirão;R$ 1.250.000;127;3;4;2
Rua 1141;R$ 1.990.000;260;4;4;3
Rua 1123;R$ 1.490.000;127;3;3;2
;R$ 2.200.000;182;3;5;3
Rua 148;R$ 3.980.000;307;3;5;4
Alameda Ricardo Paranhos;R$ 6.449.200;409;4;6;4
Rua 1141;R$ 940.000;67;2;2;1
Rua 148;R$ 1.990.000;242;4;6;3
Rua 135;R$ 2.350.000;216;3;4;3
Rua 147;R$ 1.368.000;115;3;1;2
Rua 1123;R$ 1.350.000;127;3;4;2
Viela 1140;R$ 860.000;72;2;3;1
Rua 145;R$ 1.950.000;153;3;5;2
Rua 1128;R$ 2.250.000;149;3;4;3
Rua 1138;R$ 4.175.000;292;4;2;4
Rua 1121;R$ 3.009.000;262;4;2;3
Viela 1140;R$ 3.180.000;260;3;4;4
Rua 30;R$ 2.053.336;165;3;5;2
Avenida D;R$ 900.000;79;2;3;1
Avenida 136;R$ 601.038;48;1;2;0
Rua 146;R$ 1.580.000;125;3;4;2
Rua 140;R$ 508.553;41;1;1;1
Rua 140;R$ 1.000.000;82;2;4;2
Rua 30;R$ 2.941.000;248;4;5;2
Rua 1128;R$ 803.973;72;2;2;2
Rua 28;R$ 6.794.214;560;5;9;5
Rua 146;R$ 1.650.000;128;3;4;2
Rua 1141;R$ 2.680.000;223;4;5;3
Rua 146;R$ 1.020.462;96;2;2;0
;R$ 1.790.000;150;3;5;2
;R$ 1.900.000;150;3;3;2
;R$ 4.600.000;306;4;6;5
;R$ 1.230.000;155;3;4;2
;R$ 1.180.000;111;3;5;2
;R$ 1.990.000;179;3;5;3
;R$ 2.200.000;208;3;4;3
;R$ 1.420.000;130;3;3;2
;R$ 4.689.000;317;4;6;4
;R$ 880.000;99;3;1;2
